Month,India G-Secs,Gold_INR,Silver_INR,Gold,Silver,WTI Crude Oil,Brent Oil,Natural Gas,Indian Rupee,Dollar Index
17/01/2025,2869.14,235095.875,2664.6909,2715.4,30.7785,79.21,81.63,4.247,86.5813,108.968
31/12/2024,2861.37,221202.9688,2625.8252,2634.58,31.1595,68.17,71.77,2.923,83.8013,100.779
30/11/2024,2846.63,209761.3438,2421.7346,2503.39,28.8647,73.55,78.8,2.127,83.8712,101.698
31/10/2024,2825.14,205125.8125,2420.5564,2447.6,29.0065,77.91,80.72,2.036,83.7275,104.096
30/09/2024,2829.04,194384.1875,2451.1707,2326.75,29.1429,81.54,86.41,2.601,83.3913,105.866
31/08/2024,2787.49,194713.4375,2540.8208,2327.33,30.4083,76.99,81.62,2.587,83.465,104.671
31/07/2024,2759.15,191870.4375,2200.25,2286.25,26.2942,81.93,87.86,1.991,83.4362,106.221
30/06/2024,2730.08,183939.7188,2051.7212,2229.87,24.9631,83.17,87.48,1.763,83.4037,104.487
31/05/2024,2709.81,169834.3125,1878.9915,2044.3,22.6756,78.26,83.62,1.86,82.9138,104.156
30/04/2024,2664.27,169824.4063,1926.9806,2039.52,22.958,75.85,81.71,2.1,83.0412,103.274
31/03/2024,2676.91,171887.6875,1977.3859,2062.98,23.7953,71.65,77.04,2.514,83.21,101.333
29/02/2024,2657.27,169655.8438,2091.8071,2036.41,25.272,75.96,82.83,2.802,83.395,103.497
31/01/2024,2627.8,165236.5938,1902.3221,1983.88,22.8451,81.02,87.41,3.575,83.255,106.663
31/12/2023,2602.3,154688.8438,1898.9089,1848.63,22.1795,90.79,95.31,2.929,83.04,106.174
30/11/2023,2567.85,161167.5,2037.9598,1940.19,24.443,83.63,86.86,2.768,82.785,103.619
31/10/2023,2541.98,161756.1563,2034.1743,1965.09,24.7465,81.8,85.56,2.634,82.2538,101.855
30/09/2023,2547.25,156911.75,1846.0847,1919.35,22.7747,70.64,74.9,2.798,82.04,102.912
31/08/2023,2545.8,162364.7188,1920.8375,1962.73,23.4858,68.09,72.66,2.266,82.7275,104.326
31/07/2023,2527.85,163020.2188,2045.807,1990,25.0545,76.78,79.54,2.41,81.8325,101.659
30/06/2023,2520.64,162468.125,1974.8287,1969.28,24.099,75.67,79.77,2.216,82.1825,102.506
31/05/2023,2530.26,149991.3125,1712.3302,1826.92,20.9114,77.05,83.89,2.747,82.67,104.869
30/04/2023,2496.68,155929.5,1892.8405,1928.36,23.7305,78.87,84.49,2.684,81.9238,102.097
31/03/2023,2459.08,150573.75,1979.8245,1824.02,23.9545,80.26,85.91,4.475,82.735,103.522
28/02/2023,2423.41,143463.625,1756.0966,1768.52,22.1943,80.55,85.43,6.93,81.4287,105.95
31/01/2023,2422.22,135585.875,1583.7466,1633.56,19.1645,86.53,94.83,6.355,82.785,111.527
31/12/2022,2409.54,135478.2188,1541.9615,1660.61,19.0283,79.49,87.96,6.766,81.3488,112.117
30/11/2022,2402.67,137688.5625,1485.1992,1711.04,17.992,89.55,96.49,9.127,79.46,108.7
31/10/2022,2363.52,139567,1586.9067,1765.94,20.3584,98.62,110.01,8.229,79.2688,105.903
30/09/2022,2357.1,142690.875,1618.7191,1807.27,20.279,105.76,114.81,5.424,78.9725,104.685
31/08/2022,2374.43,143758.25,1680.8269,1837.35,21.55,114.67,122.84,8.145,77.6375,101.752
31/07/2022,2338.35,145861.5938,1760.4567,1896.93,22.7768,104.69,109.34,7.244,76.4325,102.959
30/06/2022,2307.14,147184.3125,1893.5782,1937.44,24.793,100.28,107.91,5.642,75.7862,98.312
31/05/2022,2295.26,144173.7203,1839.5432,1908.99,24.45,95.72,100.99,4.402,75.3425,96.707
30/04/2022,2326.77,134121.3129,1678.4582,1797.17,22.466,88.15,91.21,4.874,74.6225,96.54
31/03/2022,2359.01,135302.313,1718.4401,1829.2,23.3083,75.21,77.78,3.73,74.3375,95.67
28/02/2022,2358.17,134930.5161,1719.9082,1774.52,22.8355,66.18,70.57,4.567,75.1687,95.994
31/01/2022,2344.54,133007.8127,1784.7802,1783.38,23.903,83.57,84.38,5.426,74.8775,94.123
31/12/2021,2364.16,128060.4137,1596.4632,1756.95,22.171,75.03,78.52,5.867,74.2388,94.23
30/11/2021,2376.9,131871.2188,1740.3852,1813.62,23.8943,68.5,72.99,4.377,73.0063,92.626
31/10/2021,2347.72,135837.9224,1904.2202,1814.19,25.4912,73.95,76.33,3.914,74.4175,92.174
30/09/2021,2355.19,130914.414,1923.0873,1770.11,26.1263,73.47,75.13,3.65,74.3313,92.436
31/08/2021,2338.29,138291.2196,2032.5312,1906.87,28.0262,66.32,69.32,2.986,72.615,89.829
31/07/2021,2314.87,131132.8125,1919.1142,1769.13,25.9169,63.58,67.25,2.931,74.0875,91.28
30/06/2021,2310.96,125162.1165,1785.0212,1707.71,24.4172,59.16,63.54,2.608,73.1125,93.232
31/05/2021,2311.32,128289.6169,1971.9313,1734.04,26.6677,61.5,66.13,2.771,73.465,90.879
30/04/2021,2299.86,134778.9223,1969.0832,1847.65,26.9872,52.2,55.88,2.564,72.9538,90.584
31/03/2021,2271.16,138657.0165,1928.7073,1898.36,26.4023,48.52,51.8,2.539,73.065,89.937
28/02/2021,2259.79,131525.5157,1675.2982,1776.95,22.644,45.34,47.59,2.882,74.04,91.869
31/01/2021,2297.29,140061.4229,1763.4052,1878.81,23.6567,35.79,37.46,3.354,74.11,94.038
31/12/2020,2302.29,139173.3135,1714.2631,1885.82,23.2352,40.22,40.95,2.527,73.7637,93.886
30/11/2020,2288.47,144530.8141,2067.1834,1967.8,28.1428,42.61,45.28,2.63,73.62,92.144
31/10/2020,2276.32,148043.2208,1824.6892,1975.86,24.389,40.27,43.3,1.799,74.8125,93.349
30/09/2020,2240.28,134571.8129,1375.5972,1780.96,18.207,39.27,41.15,1.751,75.5087,97.391
31/08/2020,2217.93,130564.3124,1348.6562,1730.27,17.8655,35.49,35.33,1.849,75.6175,98.344
31/07/2020,2248.61,127175.6167,1128.1492,1686.5,14.9697,18.84,25.27,1.949,75.1,99.016
30/06/2020,2228.82,118831.0142,1053.4111,1577.18,13.974,20.48,22.74,1.64,75.5425,99.048
31/05/2020,2212.06,115028.4121,1203.0051,1585.69,16.665,44.76,50.52,1.684,72.1763,98.132
30/04/2020,2181.15,113717.5136,1289.7532,1589.16,18.0425,51.56,58.16,1.841,71.3525,97.39
31/03/2020,2142.82,108088.3098,1271.9012,1517.27,17.8523,61.06,66,2.189,71.3788,96.389
29/02/2020,2116.04,101386.5121,1222.1151,1463.98,17.03,55.17,62.43,2.281,71.7375,98.273
31/01/2020,2069.26,107540.5128,1287.2681,1512.99,18.1065,54.18,60.23,2.633,70.9275,97.352
31/12/2019,2057.41,104025.7155,1200.8131,1472.49,16.9958,54.07,60.78,2.33,70.8675,99.377
30/11/2019,2059.82,109074.6146,1317.6972,1520.38,18.3759,55.1,60.43,2.285,71.405,98.916
31/10/2019,2048.03,97832.371,1125.0171,1413.78,16.2645,58.58,65.17,2.233,68.8,98.516
30/09/2019,2028.58,97158.0741,1055.9971,1409.55,15.315,58.47,66.55,2.308,69.0275,96.13
31/08/2019,2035.1,90828.0108,1013.7221,1305.58,14.5942,53.5,64.49,2.454,69.6975,97.75
31/07/2019,2036.51,89310.0575,1040.3641,1283.53,14.9525,63.91,72.8,2.575,69.5563,97.479
30/06/2019,1976.54,89652.6826,1049.4631,1292.38,15.1183,60.14,68.39,2.662,69.1488,97.284
31/05/2019,1946.19,93015.3392,1105.6821,1313.32,15.612,57.22,66.03,2.812,70.745,96.157
30/04/2019,1890.54,93748.5424,1139.8881,1321.25,16.061,53.79,61.89,2.814,71.085,95.578
31/03/2019,1890.17,89213.6513,1076.3312,1282.49,15.495,45.41,53.8,2.94,69.7712,96.173
28/02/2019,1864.53,85299.893,989.5301,1220.52,14.2048,50.93,58.71,4.612,69.5837,97.272
31/01/2019,1864.47,89972.4326,1055.2551,1214.76,14.2485,65.31,75.47,3.261,73.955,97.127
31/12/2018,1862.25,86500.94,1066.1821,1190.88,14.6554,73.25,82.72,3.008,72.49,95.132
30/11/2018,1827.62,85062.932,1029.1111,1201.15,14.5405,69.8,77.42,2.916,70.9962,95.14
31/10/2018,1793.88,83847.6975,1062.7361,1224.15,15.523,68.76,74.25,2.782,68.5475,94.554
30/09/2018,1760.98,85789.0805,1102.6962,1252.6,16.1185,74.15,79.44,2.924,68.47,94.47
31/08/2018,1755.16,87598.3933,1107.7631,1298.51,16.4275,67.04,77.59,2.952,67.3963,93.979
31/07/2018,1757.77,87977.6824,1097.8511,1315.39,16.3318,68.57,75.17,2.763,66.6613,91.841
30/06/2018,1736.02,86235.7915,1065.4581,1325.48,16.3678,64.94,70.27,2.733,65.1775,89.974
31/05/2018,1732.13,86050.354,1071.6032,1318.31,16.415,61.64,65.78,2.667,65.1775,90.613
30/04/2018,1726.98,85648.4477,1104.1282,1345.14,17.3455,64.73,69.05,2.995,63.5863,89.133
31/03/2018,1752.06,83190.5724,1081.6182,1302.8,16.9375,60.42,66.87,2.953,63.8713,92.124
28/02/2018,1711.19,82104.8535,1055.8951,1275.01,16.4385,57.4,63.57,3.025,64.4588,93.047
31/01/2018,1727.07,82226.6504,1080.8041,1271.45,16.7175,54.38,61.37,2.896,64.7462,94.552
31/12/2017,1746.29,83860.1662,1092.9531,1279.75,16.655,51.67,57.54,3.007,65.2762,93.076
30/11/2017,1760.08,84522.807,1124.0602,1321.43,17.5791,47.23,52.38,3.04,63.9063,92.668
31/10/2017,1764.52,81490.6035,1080.9761,1269.44,16.8271,50.17,52.65,2.794,64.1875,92.863
30/09/2017,1769.47,80299.0721,1076.1901,1241.61,16.6325,46.04,47.92,3.035,64.5788,95.628
31/08/2017,1774.86,81804.4629,1117.0281,1268.92,17.3278,48.32,50.31,3.071,64.5112,96.922
31/07/2017,1768.32,81493.9863,1105.5082,1268.28,17.2154,49.33,51.73,3.276,64.245,99.05
30/06/2017,1756.65,80952.8925,1182.4522,1249.2,18.2664,50.6,52.83,3.19,64.85,100.35
31/05/2017,1732.48,83364.5334,1222.9961,1248.44,18.3125,54.01,55.59,2.774,66.69,101.12
30/04/2017,1704.6,81869.7363,1187.2421,1210.72,17.5557,52.81,55.7,3.117,67.865,99.512
31/03/2017,1711.2,78314.8531,1082.5631,1147.5,15.9278,53.72,56.82,3.724,67.925,102.21
28/02/2017,1687.6,80483.1424,1132.6242,1173.2,16.5112,49.44,50.47,3.352,68.3887,101.5
31/01/2017,1730.77,85167.4086,1194.0911,1277.21,17.91,46.86,48.3,3.026,66.7787,98.445
31/12/2016,1711.73,87577.5339,1276.4722,1315.87,19.174,48.24,49.06,2.906,66.615,95.463
30/11/2016,1743.79,87665.5886,1249.3091,1308.97,18.655,44.7,47.04,2.887,66.9637,96.022
31/10/2016,1674.91,90139.2139,1356.5071,1351.28,20.3363,41.6,42.46,2.876,66.995,95.53
30/09/2016,1660.71,89232.0575,1263.4362,1321.9,18.7148,48.33,49.68,2.924,67.525,96.143
31/08/2016,1638.62,81725.4863,1075.4241,1215.32,15.9956,49.1,49.69,2.288,67.26,95.891
31/07/2016,1619.95,85896.9868,1186.5961,1293.53,17.847,45.92,48.13,2.178,66.33,93.082
30/06/2016,1576.45,81552.6191,1021.4971,1232.75,15.4375,38.34,39.6,1.959,66.2475,94.586
31/05/2016,1559.53,84457.9163,1016.7501,1238.67,14.91,33.75,35.97,1.711,68.42,98.211
30/04/2016,1551.68,75901.3997,968.5799,1118.21,14.26,33.62,34.74,2.298,67.7925,99.606
31/03/2016,1535.81,70280.149,917.6898,1061.1,13.8482,37.04,37.28,2.337,66.1537,98.631
29/02/2016,1509.1,70803.3991,936.2219,1064.77,14.0848,41.65,44.61,2.235,66.6675,100.17
31/01/2016,1505.36,74708.3917,1017.7691,1142.11,15.55,46.59,49.56,2.321,65.265,96.946
31/12/2015,1495.44,73108.5868,951.5715,1115.09,14.5205,45.09,48.37,2.524,65.59,96.35
30/11/2015,1482.42,75379.2902,971.9579,1134.93,14.6275,49.2,54.15,2.689,66.4825,95.824
31/10/2015,1486.51,70196.0552,947.258,1095.8,14.7813,47.12,52.21,2.716,64.1362,97.336
30/09/2015,1484.34,74570.6183,1000.8411,1172.35,15.7355,59.47,63.59,2.832,63.6513,95.485
31/08/2015,1452.59,75940.4466,1068.2921,1190.58,16.7493,60.3,65.56,2.642,63.825,96.907
31/07/2015,1440.5,75208.4777,1025.8641,1184.37,16.1533,59.63,66.78,2.751,63.4225,94.6
30/06/2015,1423.81,73742.6494,1037.8231,1183.57,16.6595,47.6,55.11,2.64,62.4975,98.357
31/05/2015,1434.12,74729.1652,1022.3731,1213.18,16.6003,49.76,62.58,2.734,61.845,95.293
30/04/2015,1424.91,79764.7908,1072.2382,1283.79,17.2497,48.24,52.99,2.691,61.8725,94.804
31/03/2015,1426.08,74837.212,991.895,1184.37,15.7113,53.27,57.33,2.889,63.0425,90.269
28/02/2015,1418.71,72683.8368,962.5557,1167.38,15.4515,66.15,70.15,4.088,62.0337,88.356
31/01/2015,1413.15,72072.8211,992.0084,1172.94,16.1588,80.54,85.86,3.873,61.3675,86.917
31/12/2014,1384.52,74806.337,1050.6981,1208.15,16.9755,91.16,94.67,4.121,61.7575,85.936
30/11/2014,1356.85,78046.7593,1179.8391,1287.32,19.465,95.96,103.19,4.065,60.515,82.748
31/10/2014,1331.45,78135.5874,1242.3682,1282.59,20.3962,98.17,106.02,3.841,60.56,81.456
30/09/2014,1297.58,79703.5564,1263.3172,1327.33,21.0332,105.37,112.36,4.461,60.1862,79.775
31/08/2014,1285.32,74106.6651,1116.2012,1249.68,18.8199,102.71,109.41,4.542,59.1025,80.369
31/07/2014,1279.48,77938.6655,1153.9691,1291.6,19.2008,99.74,108.07,4.815,60.335,79.474
30/06/2014,1266.29,77554.6967,1187.6101,1284.01,19.7745,101.58,107.76,4.371,59.89,80.1
31/05/2014,1261.01,81973.5566,1311.5992,1326.39,21.2275,102.59,109.07,4.609,61.7575,79.691
30/04/2014,1230.18,77815.5093,1199.0731,1244.55,19.1905,97.49,106.4,4.943,62.6575,81.311
31/03/2014,1218.41,74588.9151,1203.6352,1201.64,19.4717,98.42,110.8,4.23,61.8,80.035
28/02/2014,1200.66,78340.9781,1249.3362,1253.35,19.9967,92.72,109.69,3.954,62.4487,80.68
31/01/2014,1199.22,82127.7129,1360.8451,1323.06,21.9137,96.38,108.84,3.581,61.495,80.195
31/12/2013,1189.08,83120.5568,1358.8162,1329.03,21.6998,102.33,108.37,3.56,62.6175,80.221
30/11/2013,1186.8,92322.1985,1556.5172,1395.27,23.5225,107.65,114.01,3.581,65.705,82.087
31/10/2013,1196.7,80386.9471,1204.4651,1325.07,19.8503,105.03,107.7,3.446,60.36,81.452
30/09/2013,1170.42,73511.251,1171.5292,1234.53,19.676,96.56,102.16,3.565,59.39,83.136
31/08/2013,1171.02,78615.6422,1260.5541,1387.8,22.2725,91.97,100.39,3.984,56.505,83.375
31/07/2013,1192.17,79018.5485,1296.4792,1476.71,24.3345,93.46,102.37,4.343,53.805,81.746
30/06/2013,1263.69,86937.9166,1545.4672,1597.5,28.32,97.23,110.02,4.024,54.28,82.976
31/05/2013,1276.81,86347.7525,1559.7292,1579.61,28.5438,92.05,111.38,3.486,54.36,81.949
30/04/2013,1239.96,88747.4325,1677.8342,1663.7,31.4637,97.49,115.55,3.339,53.2237,79.207
31/03/2013,1208.68,91792.4406,1662.6032,1675.35,30.345,91.82,111.11,3.351,54.985,79.769
28/02/2013,1207.05,93276.5736,1817.4732,1714.98,33.4125,88.91,111.23,3.561,54.265,80.153
31/01/2013,1197.33,92665.6282,1736.8242,1720.65,32.2425,86.24,108.7,3.692,53.8138,79.919
31/12/2012,1177.46,93717.5346,1827.1772,1772.25,34.4888,92.19,112.39,3.32,52.86,79.935
30/11/2012,1159.16,93762.4799,1758.4572,1691.85,31.7363,96.47,114.57,2.799,55.5263,81.208
31/10/2012,1149.63,89930.167,1558.9052,1614.58,27.985,88.06,104.92,3.209,55.655,82.635
30/09/2012,1143.12,88450.5027,1521.5672,1597.45,27.4962,84.96,97.8,2.824,55.6375,81.627
31/08/2012,1127.43,87990.2214,1562.8522,1560.51,27.705,86.53,101.87,2.422,56.11,83.043
31/07/2012,1119.93,87693.6823,1631.3262,1664.75,31.0294,104.87,119.47,2.285,52.7363,78.776
30/06/2012,1112.71,84998.057,1643.4862,1668.15,32.2447,103.02,122.88,2.126,50.875,79.004
31/05/2012,1102.18,83334.7912,1703.2583,1696.76,34.675,107.07,122.66,2.616,49.0238,78.737
30/04/2012,1075.22,86124.104,1644.1522,1737.76,33.1725,98.48,110.98,2.503,49.455,79.288
31/03/2012,1072.26,83129.2599,1478.6462,1564.91,27.835,98.83,107.38,2.989,53.065,80.178
29/02/2012,1086.2,91042.9484,1709.5582,1746.35,32.805,100.36,110.52,3.55,52.2112,78.384
31/01/2012,1075.4,83498.4865,1669.9462,1714.7,34.2975,93.19,109.56,3.934,48.695,76.166
31/12/2011,1049.81,79519.986,1465.5602,1623.79,29.9275,79.2,102.76,3.666,48.9637,78.553
30/11/2011,1027.37,84148.8382,1915.6732,1825.55,41.5675,88.81,114.85,4.054,46.095,74.117
31/10/2011,1013.69,71943.9773,1762.7182,1627.05,39.8925,95.7,116.74,4.145,44.1881,73.897
30/09/2011,1033,66950.0861,1547.8682,1500.18,34.69,95.42,112.48,4.374,44.6981,74.303
31/08/2011,1030.51,69205.4145,1735.3733,1535.73,38.52,102.7,116.73,4.666,45.06,74.638
31/07/2011,1015.99,69134.6645,2118.3591,1563.7,47.905,113.93,125.89,4.698,44.2194,72.933
30/06/2011,1015.77,63863.8084,1679.3881,1432.2,37.665,106.72,117.36,4.389,44.585,75.857
31/05/2011,1003.85,63880.6482,1534.3992,1411.33,33.8938,96.97,111.8,4.037,45.2708,76.889
30/04/2011,1010.29,61168.4292,1288.0951,1332.68,28.065,92.19,101.01,4.42,45.905,77.735
31/03/2011,1017.08,63515.7576,1381.4412,1421.4,30.9075,91.38,94.75,4.405,44.705,79.028
28/02/2011,1006.78,63597.7771,1289.0252,1386.23,28.0975,84.11,85.92,4.18,45.885,81.195
31/01/2011,994.89,60387.1791,1099.5452,1359.4,24.7519,81.43,83.15,4.038,44.4275,77.266
31/12/2010,,58827.718,978.4391,1308.54,21.7588,79.97,82.31,3.872,44.945,78.72
30/11/2010,,58717.4875,910.805,1247.4,19.3713,71.92,74.64,3.816,47.075,83.202
31/10/2010,,54869.2761,836.7451,1181,18.01,78.95,78.18,4.923,46.4075,81.539
30/09/2010,,57705.628,864.7134,1242.38,18.62,75.63,75.01,4.616,46.45,86.019
31/08/2010,,56395.1981,860.0476,1216.3,18.57,73.97,74.65,4.341,46.3675,86.588
31/07/2010,,52309.3148,826.8705,1179.03,18.64,86.15,87.44,3.92,44.365,81.866
30/06/2010,,49907.0177,783.4046,1113.25,17.475,83.76,82.7,3.869,44.9175,81.073
31/05/2010,,51526.9554,759.5802,1117.59,16.475,79.66,77.59,4.813,46.085,80.362
30/04/2010,,49920.1778,748.3061,1081.2,16.21,72.89,71.46,5.131,46.1782,79.462
31/03/2010,,51037.0178,784.9606,1096.98,16.875,79.36,77.93,5.572,46.525,77.86
28/02/2010,,54910.3073,860.4426,1179.63,18.485,77.28,78.47,4.848,46.515,74.879
31/01/2010,,49055.3965,765.3469,1045.45,16.31,77,75.2,5.045,46.975,76.3
31/12/2009,,48475.4042,800.5874,1007.7,16.6475,70.61,69.07,4.841,48.11,76.653
30/11/2009,,46528.1266,729.7413,951.19,14.92,69.96,69.65,2.977,48.825,78.172
31/10/2009,,45860.0562,669.1383,954,13.92,69.45,71.7,3.653,47.935,78.347
30/09/2009,,44381.5834,651.2684,926.5,13.605,69.89,69.3,3.835,47.905,80.133
31/08/2009,,46133.8258,741.5903,979.18,15.745,66.31,65.52,3.835,47.0913,79.348
31/07/2009,,44463.6069,619.4335,888.2,12.38,51.12,50.8,3.373,50.0925,84.614
30/06/2009,,46645.7751,658.541,919.35,12.975,49.66,49.23,3.776,50.73,85.43
31/05/2009,,48189.2167,670.9573,942.32,13.12,44.76,46.35,4.198,51.1612,88.008
30/04/2009,,45429.4859,620.5726,927.85,12.6725,41.68,45.88,4.417,48.875,85.999
31/03/2009,,42931.3762,554.8962,882.05,11.4,44.6,45.59,5.622,48.8025,81.308
28/02/2009,,40989.6455,516.5829,818.05,10.31,54.43,53.49,6.51,50.1075,86.517
31/01/2009,,35794.3949,486.836,723.85,9.85,67.81,65.32,6.783,49.4575,85.633
31/12/2008,,40912.8955,564.8749,870.95,12.03,100.64,98.17,7.438,46.955,79.448
30/11/2008,,36524.8833,598.0917,831.15,13.61,115.46,114.05,7.943,43.9375,77.381
31/10/2008,,38838.8328,754.1975,914.1,17.75,124.08,123.98,9.119,42.57,73.227
30/09/2008,,39845.243,749.5871,925.4,17.41,140,139.83,13.353,43.04,72.463
31/08/2008,,37374.856,711.453,886.5,16.88,127.35,127.78,11.703,42.4575,72.879
31/07/2008,,35532.3441,682.7456,877.55,16.865,113.46,111.36,10.843,40.495,72.509
30/06/2008,,36780.645,691.3819,916.9,17.235,101.58,100.3,10.101,40.1175,71.802
31/05/2008,,38982.6961,792.9966,973.9,19.815,101.84,100.1,9.366,40.0141,73.714
30/04/2008,,36447.9848,666.0914,926.1,16.915,91.75,92.21,8.074,39.3685,75.178
31/03/2008,,32869.1445,583.1451,833.7,14.795,95.98,93.85,7.483,39.4125,76.695
29/02/2008,,30991.324,554.355,783.55,14.005,88.71,88.26,7.302,39.5987,76.147
31/01/2008,,31346.0037,570.1815,796.8,14.495,94.53,90.63,8.33,39.3256,76.479
31/12/2007,,29572.9742,547.4343,743.6,13.765,81.66,79.17,6.87,39.845,77.719
30/11/2007,,27573.8334,494.0865,673.3,12.075,74.04,72.69,5.468,40.93,80.791
31/10/2007,,26862.4641,520.2604,664.3,12.865,78.21,77.05,6.191,40.3675,80.77
30/09/2007,,26457.2141,505.6016,649.65,12.415,70.68,71.41,6.773,40.7225,81.92
31/08/2007,,26843.5833,546.0173,660.5,13.435,64.01,68.04,7.935,40.6115,82.301
31/07/2007,,27945.3529,552.5642,678.45,13.415,65.71,67.65,7.863,41.1775,81.447
30/06/2007,,28858.1343,581.4449,663.8,13.375,65.87,68.1,7.73,43.475,82.93
31/05/2007,,29633.7926,625.3491,669.35,14.125,61.79,61.89,7.3,44.2938,83.57
30/04/2007,,28832.273,597.264,653.2,13.525,58.14,57.4,7.667,44.1825,84.6
31/03/2007,,28180.5639,571.399,636.7,12.905,61.05,60.86,6.299,44.27,83.65
28/02/2007,,28988.2828,624.9482,648,13.96,63.13,64.26,8.844,44.747,82.95
31/01/2007,,27313.6732,553.163,606.6,12.29,58.73,59.03,7.534,45.0325,85.32
31/12/2006,,27495.5326,525.6119,598.3,11.44,62.91,62.48,5.62,45.8675,86.03
30/11/2006,,29195.3238,601.0805,627.3,12.915,70.26,70.25,6.048,46.44,85.05
31/10/2006,,29648.6735,532.2095,636.75,11.43,74.4,75.15,8.211,46.5,85.3
30/09/2006,,28353.7338,511.0443,615.85,11.1,73.93,73.51,6.104,46.04,85.16
31/08/2006,,29917.9137,582.1754,645.2,12.54,71.29,70.41,6.384,46.37,84.72
31/07/2006,,29370.6031,615.7547,654.43,13.72,71.88,72.5,6.555,44.88,86.11
30/06/2006,,26047.6535,514.2601,583.65,11.505,66.63,65.91,7.21,44.6225,89.73
31/05/2006,,24938.4522,432.776,561.55,9.745,61.41,61.76,6.714,44.39,90.11
30/04/2006,,25100.6534,434.337,568.9,9.845,67.92,65.99,9.316,44.1175,88.96
31/03/2006,,23296.0223,397.2042,517,8.815,61.04,58.98,11.225,45.05,91.17
28/02/2006,,22642.2332,378.3809,493.08,8.24,57.32,55.05,12.587,45.9288,91.57
31/01/2006,,20993.6119,341.4056,465.19,7.575,59.76,58.1,12.205,45.1637,90.07
31/12/2005,,20638.6021,328.1311,469.3,7.455,66.24,63.48,13.921,44.015,89.52
30/11/2005,,19218.4027,301.7651,435.2,6.83,68.94,67.02,11.472,44.15,87.58
31/10/2005,,18687.7014,313.273,429.8,7.205,60.57,59.37,7.885,43.48,89.35
30/09/2005,,18937.7015,306.786,435.5,7.045,56.5,55.58,6.981,43.485,89.09
31/08/2005,,18233.803,323.598,417.25,7.405,51.97,50.73,6.379,43.7,87.76
31/07/2005,,18911.1019,300.391,434.4,6.905,49.72,51.09,6.585,43.535,84.43
30/06/2005,,18738.1018,311.245,428.35,7.115,55.4,54.29,7.653,43.745,84.06
31/05/2005,,19027.0023,318.609,435.65,7.295,51.75,50.06,6.73,43.675,82.51
30/04/2005,,18471.7014,294.017,422.6,6.725,48.2,45.92,6.321,43.72,83.57
31/03/2005,,19055.0023,296.505,438.45,6.8225,43.45,40.46,6.149,43.46,80.85
28/02/2005,,20128.102,343.689,450.95,7.7,49.13,45.51,7.62,44.635,81.82
31/01/2005,,19450.8031,330.647,428.55,7.285,51.76,48.98,8.725,45.3875,84.91
31/12/2004,,19218.5023,316.595,418.25,6.89,49.64,46.38,6.795,45.95,87.37
30/11/2004,,18998.0023,313.119,409.85,6.755,42.12,39.61,5.074,46.3538,88.94
31/10/2004,,18172.0022,303.913,391.05,6.54,43.8,40.03,6.112,46.47,89.96
30/09/2004,,18159.1018,265.766,394.25,5.77,37.05,34.5,6.155,46.06,88.8
31/08/2004,,17983.6018,278.018,395.55,6.115,39.88,36.58,6.442,45.465,88.9
31/07/2004,,17210.3028,268.78,386.75,6.04,37.38,34.48,5.862,44.5,90.48
30/06/2004,,18593.2014,345.094,426.45,7.915,35.76,31.51,5.933,43.6,87.61
31/05/2004,,17919.8029,302.622,396.15,6.69,36.16,32.23,5.416,45.235,87.31
30/04/2004,,18216.803,282,402.45,6.23,33.05,29.18,5.397,45.265,87.2
31/03/2004,,18954.9027,271.012,415.45,5.94,32.52,30.17,6.189,45.625,86.92
29/02/2004,,18223.303,244.869,398.15,5.35,30.41,28.45,4.925,45.77,90.23
31/01/2004,,17414.2013,228.866,384.25,5.05,29.11,27.7,4.893,45.32,92.73
31/12/2003,,17633.6017,234.291,385.35,5.12,29.2,27.61,4.83,45.76,92.85
30/11/2003,,17215.2013,233.784,375.55,5.1,31.57,29.49,4.731,45.84,98.1
31/10/2003,,16350.4023,237.4,354.35,5.145,30.54,28.37,4.718,46.142,96.89
30/09/2003,,16103.2021,211.983,346.4,4.56,30.19,28.33,5.411,46.4875,94.73
31/08/2003,,17158.3028,213.272,364.45,4.53,29.56,26.32,6.251,47.08,93.29
31/07/2003,,16021.8017,220.198,338.55,4.6529,25.8,23.68,5.385,47.325,97.19
30/06/2003,,16018.7021,211.716,337.45,4.46,31.04,27.18,5.06,47.47,98.88
31/05/2003,,16682.1016,219.282,349.95,4.6,36.6,32.79,8.101,47.67,99.71
30/04/2003,,17595.7013,231.327,368.15,4.84,33.51,31.1,5.605,47.795,99.91
31/03/2003,,16697.6016,229.32,348.05,4.78,31.2,28.66,4.789,47.975,101.85
28/02/2003,,15373.0018,214.54,318.15,4.44,26.89,25.16,4.2,48.32,106.38
31/01/2003,,15366.3016,218.103,317.75,4.51,27.22,25.72,4.156,48.36,106.64
31/12/2002,,15651.7021,219.622,323.55,4.54,30.45,28.75,4.138,48.375,106.87
30/11/2002,,15171.5018,216.354,312.75,4.46,28.98,27.47,3.296,48.51,106.98
31/10/2002,,14773.702,223.882,303.55,4.6,27.02,25.44,2.954,48.67,107.41
30/09/2002,,15371.8016,236.603,314.45,4.84,26.86,25.58,3.245,48.885,106.11
31/08/2002,,16015.6015,246.696,326.55,5.03,25.31,24.45,3.217,49.045,111.81
31/07/2002,,15098.6014,221.743,308.45,4.53,27.29,26.47,3.795,48.95,115.19
30/06/2002,,14773.8016,227.477,302.65,4.66,26.31,25.92,3.283,48.815,118.62
31/05/2002,,14453.8015,218.842,296.55,4.49,21.74,21.33,2.357,48.74,119.16
30/04/2002,,13709.3014,205.239,282.55,4.23,19.48,19.18,2.138,48.52,120.21
31/03/2002,,13457.902,222.891,278.95,4.62,19.84,19.9,2.57,48.245,116.75
28/02/2002,,13150.6012,200.326,274.4,4.18,19.44,19.14,2.701,47.925,116.13
31/01/2002,,13424.5016,203.061,279.65,4.23,21.18,20.37,3.291,48.005,114.86
31/12/2001,,14034.9021,222.549,293.25,4.65,23.43,23.26,2.244,47.86,113.41
30/11/2001,,12933.8013,197.495,274.4,4.19,27.2,26.41,2.38,47.135,113.42
31/10/2001,,12568.5015,199.852,266.65,4.24,26.35,24.69,3.296,47.135,117.18
30/09/2001,,12740.7017,202.742,270.85,4.31,26.25,26.08,3.096,47.04,119.47
31/08/2001,,12494.9019,206.8,265.85,4.4,28.37,29.34,3.914,47,119.07
31/07/2001,,12365.4019,203.242,264.05,4.34,28.46,27.89,4.695,46.83,115.76
30/06/2001,,12024.3012,200.444,257.95,4.3,26.29,24.74,5.025,46.615,117.37
31/05/2001,,12435.8013,208.544,267.15,4.48,27.39,25.57,5.236,46.55,112.01
30/04/2001,,12335.4019,222.256,265.85,4.79,28.66,26.66,5.707,46.4,110.52
31/03/2001,,12707.2017,214.705,272.25,4.6,26.8,23.87,9.775,46.675,109.56
28/02/2001,,12674.6011,219.796,270.45,4.69,33.82,31.88,6.589,46.865,115.24
31/01/2001,,12390.4019,221.5,265.15,4.74,32.7,30.76,4.49,46.73,116.65
31/12/2000,,12626.4019,224.214,274.25,4.87,30.84,29.84,5.186,46.04,113.25
30/11/2000,,12722.7017,227.576,277.85,4.97,33.12,31.72,4.782,45.79,112.6
31/10/2000,,12479.0015,224.599,277.25,4.99,27.43,26.93,3.774,45.01,109.61
30/09/2000,,12934.3013,224.715,289.53,5.03,32.5,30.57,4.476,44.675,106.84
31/08/2000,,12128.8013,219.309,272.1,4.92,29.01,28.31,4.356,44.575,108.74
31/07/2000,,11945.9018,217.039,273.55,4.97,25.74,23.89,3.141,43.67,110.14
30/06/2000,,12173.4018,218.536,279.08,5.01,26.9,24.77,2.945,43.62,105.44
31/05/2000,,12745.7017,221.153,292.2,5.07,30.43,28.09,2.761,43.62,105.92
30/04/2000,,12370.5015,228.865,283.5,5.245,27.64,25.97,2.662,43.635,105.13
31/03/2000,,,,288,5.38,25.6,25.08,2.329,43.55,101.87
29/02/2000,,,,290.7,5.245,24.59,23.64,2.304,43.4125,101.99
31/01/2000,,,,299.2,5.2,21.75,21.69,2.961,43.38,99.06
31/12/1999,,,,298.75,5.61,24.51,23.58,2.744,43.62,98.54
30/11/1999,,,,255.68,5.16,22.11,21.33,2.825,43.48,99.95
31/10/1999,,,,255.95,5.44,20.53,19.37,2.543,43.3,99.75
30/09/1999,,,,262.5,5.245,19.29,17.51,2.394,43.37,102.85
31/08/1999,,,,270.35,4.935,16.84,15.2,2.358,42.85,102.28
31/07/1999,,,,286.55,5.415,18.66,16.57,2.253,42.8,101
30/06/1999,,,,280.05,4.975,16.76,15.24,2.013,42.43,100.1
31/05/1999,,,,287.05,5.645,12.27,10.88,1.628,42.507,98.71
30/04/1999,,,,286.15,5.245,12.75,11.35,1.777,42.49,96.08
31/03/1999,,,,288.25,5.035,12.05,10.53,1.945,42.49,94.17
28/02/1999,,,,293.2,4.87,11.22,10.46,1.976,42.575,96.2
31/01/1999,,,,292.55,5.05,14.42,13.22,2.275,42.45,93.68
31/12/1998,,,,296.95,5.395,16.14,14.68,2.433,42.45,96.17
30/11/1998,,,,275.55,4.685,13.34,12.56,1.752,42.49,100.2
31/10/1998,,,,286.45,5.445,14.21,13.09,1.844,42.53,101.14
30/09/1998,,,,296.95,5.535,14.18,13.38,2.469,42.41,101.17
31/08/1998,,,,292.95,5.115,15.2,14.37,2.17,41.68,100.48
31/07/1998,,,,306.65,6.265,15.39,14.46,2.221,39.72,99.71
30/06/1998,,,,300.95,6.505,15.61,14.26,2.522,39.49,101.5
31/05/1998,,,,299.15,6.5,15.44,14.17,2.321,39.34,99.83
30/04/1998,,,,302.45,6.23,17.21,15.96,2.257,38.7,100.72
31/03/1998,,,,289.05,6.01,17.64,16.52,2.264,39.2,99.65
28/02/1998,,,,297,5.31,19.15,18.94,2.578,38.85,97.77
31/01/1998,,,,311.45,4.76,21.08,20.02,3.552,36.25,95.64
31/12/1997,,,,334.45,5.23,21.18,19.9,3.082,36.15,97.11
30/11/1997,,,,324.15,4.66,19.61,18.51,2.714,36.5,99
31/10/1997,,,,324.55,4.46,20.14,18.94,2.177,35.75,99.55
30/09/1997,,,,333.95,4.64,19.8,18.51,2.139,35.8,95.67
31/08/1997,,,,344.65,4.71,20.88,19.4,2.239,35.78,94.85
31/07/1997,,,,339.5,4.69,20.21,18.52,2.184,35.76,97.18
30/06/1997,,,,351.25,5.07,20.41,19.38,1.926,35.88,94.72
31/05/1997,,,,363.45,5.33,20.3,18.85,1.821,35.88,94.89
30/04/1997,,,,344.35,4.92,24.15,22.52,2.385,35.9,93.04
31/03/1997,,,,367.7,4.82,25.92,23.81,2.757,35.85,88.12
28/02/1997,,,,371.65,4.74,23.75,22.77,3.497,35.74,87.92
31/01/1997,,,,378.05,4.81,23.35,22.67,2.728,35.65,87.43
31/12/1996,,,,378.4,4.87,24.38,23.21,2.214,35.77,87.94
30/11/1996,,,,386.5,5.16,22.25,20.78,1.859,35.66,86.36
31/10/1996,,,,387.05,5.15,20.42,18.9,2.163,35.55,85.9
30/09/1996,,,,380.45,5.04,20.92,18.91,2.911,35.1,87.82
31/08/1996,,,,391,5.33,19.76,17.8,2.406,35.05,87.78
31/07/1996,,,,391.65,5.34,21.2,19.02,2.224,34.55,88.02
30/06/1996,,,,395.45,5.54,21.47,19.41,2.336,34.11,86.52
31/05/1996,,,,400.75,5.55,19.54,17.76,2.236,34.7,86.31
30/04/1996,,,,406.3,5.59,17.74,16.52,2.658,36.41,87.38
31/03/1996,,,,387.1,5.15,19.55,18.33,2.619,35.1785,84.76
29/02/1996,,,,387.8,5.24,18.18,17.04,2.018,34.935,85.26
31/01/1996,,,,383,5.37,17.64,16.33,1.866,34.4,83.66
31/12/1995,,,,384,5.49,17.54,16.12,1.75,33.94,84.29
30/11/1995,,,,382.75,5.36,17.84,16.25,1.748,31.85,85.57
31/10/1995,,,,382.6,5.07,17.56,16.01,1.614,31.4325,81.57
30/09/1995,,,,384.6,5.07,17.4,16.38,1.53,31.397,81.58
31/08/1995,,,,384.3,5.31,18.89,17.7,1.718,31.4,82.57
31/07/1995,,,,387.1,5.74,20.38,19.06,1.662,31.4,81.8
30/06/1995,,,,391.4,5.31,19.17,17.5,1.685,31.415,81.9
31/05/1995,,,,377.1,4.55,18.49,16.87,1.483,31.42,85.93
30/04/1995,,,,375.1,4.67,18.39,16.8,1.354,31.3675,87.99
31/03/1995,,,,383.2,4.91,17.76,16.5,1.725,31.3775,88.72
28/02/1995,,,,381.4,4.93,18.05,17.11,1.695,31.375,89.13
31/01/1995,,,,384.5,5.26,18.19,16.92,1.95,31.3775,85.69
31/12/1994,,,,394.25,5.62,18.39,17.15,1.657,31.375,87.88
30/11/1994,,,,386.6,5.47,17.56,16.36,1.586,31.375,89.67
31/10/1994,,,,383.6,5.33,20.3,18.59,1.893,31.3925,89.87
30/09/1994,,,,386.3,5.41,19.37,17.52,2.184,31.365,89.62
31/08/1994,,,,387.3,5.59,18.31,16.45,1.917,31.39,92.52
31/07/1994,,,,377.05,5.36,16.9,15.69,2.067,31.4176,92.12
30/06/1994,,,,391,5.79,14.79,13.25,2.075,31.4566,93.06
31/05/1994,,,,381.75,5.37,14.48,13.35,2.208,31.465,94.55
30/04/1994,,,,381.9,5.15,15.19,14.22,2.554,31.375,95.59
31/03/1994,,,,390.7,5.12,14.17,13.2,1.997,31.5041,96.84
28/02/1994,,,,370.7,4.46,15.43,14.52,2.243,31.4673,96.21
31/01/1994,,,,369.5,4.48,16.92,15.8,2.368,31.4539,95.08
31/12/1993,,,,355.4,4.03,18.79,17.43,2.291,31.38,92.82
30/11/1993,,,,372.1,4.8425,18.29,17.08,2.375,31.6515,93.95
31/10/1993,,,,407.3,5.3,17.88,16.75,2.22,31.55,95.37
30/09/1993,,,,378.1,4.475,18.85,17.51,2.181,31.45,93.61
31/08/1993,,,,374.75,4.7135,20.02,18.6,2.141,31.7206,89.08
31/07/1993,,,,356,4.2985,20.53,19.15,2.365,31.6741,89.5
30/06/1993,,,,339,3.89,20.44,18.9,2.069,31.2,91.87
31/05/1993,,,,329.5,3.5665,20.6,18.92,1.856,30.2,94.01
30/04/1993,,,,332.5,3.7078,20.26,18.47,1.597,29.2261,92.46
31/03/1993,,,,334.5,3.6695,19.5,18.29,1.687,28.95,92.36
28/02/1993,,,,336,3.7325,19.89,18.84,2.087,28.4,90.83
31/01/1993,,,,341,3.764,20.62,19.45,2.295,28.5001,87.63
31/12/1992,,,,350,3.766,21.71,20.34,2.515,28.4633,81.1
30/11/1992,,,,342,3.719,21.48,19.87,2.112,28.6,78.88
31/10/1992,,,,357.85,3.9525,21.87,20.47,1.892,28.4823,81.91
30/09/1992,,,,343.4,4.026,21.6,20.41,1.518,28.8,83.72
31/08/1992,,,,337.5,4.058,22.11,20.79,1.625,28.75,87.22
31/07/1992,,,,336.35,3.9815,20.85,19.66,1.422,28.7,89.62
30/06/1992,,,,341.7,4.12,19.44,18.14,1.357,28.7,89.65
31/05/1992,,,,353.75,4.119,18.68,17.55,1.171,25.75,88.99
30/04/1992,,,,354.1,4.131,18.9,18.15,1.18,25.91,87.49
31/03/1992,,,,353.15,3.86,19.12,17.61,1.343,25.79,83.53
29/02/1992,,,,366.3,4.07,21.48,20.13,2.09,25.8012,88.19
31/01/1992,,,,357.45,4.09,23.37,22.1,2.046,25.9,89.94
31/12/1991,,,,354.9,4.13,22.23,21.05,1.935,25.87,89.9
30/11/1991,,,,347.4,3.81,22.26,20.7,1.564,25.74,93.49
31/10/1991,,,,362.85,4.06,21.68,19.74,1.26,25.72,93.49
30/09/1991,,,,368.35,4.45,20.56,18.72,1.208,21.08,96.03
31/08/1991,,,,360.4,4.13,21.13,19.21,1.333,20.77,93.15
31/07/1991,,,,357.75,3.93,20.96,19.42,1.375,20.24,91.54
30/06/1991,,,,355.65,3.83,19.63,18.17,1.405,19.57,92.01
31/05/1991,,,,362.7,3.67,19.16,18.68,1.373,19.08,84.07
30/04/1991,,,,366,3.82,21.54,20.06,1.38,18.6,82
31/03/1991,,,,382.8,4.19,28.44,28.27,1.95,18.12,83.12
28/02/1991,,,,384.85,4.08,28.85,29.2,2.445,18.12,82.94
31/01/1991,,,,379.5,4.22,35.23,34.41,2.36,18.14,83.27
31/12/1990,,,,408.4,4.79,39.51,39.1,1.935,18.08,85.91
30/11/1990,,,,387.75,4.83,27.32,26.75,1.5,17.48,86.58
31/10/1990,,,,372.3,4.85,20.69,19.84,1.411,17.35,87.2
30/09/1990,,,,352.2,4.84,17.07,16.14,1.519,17.45,91.15
31/08/1990,,,,363.05,5.07,17.4,16.24,1.59,17.35,92.93
31/07/1990,,,,367.75,4.93,18.54,17.12,1.565,17.39,93.08
30/06/1990,,,,368.5,4.96,20.28,18.38,,17.17,93.77
31/05/1990,,,,407.7,5.12,21.54,19.48,,17.07,93.39
30/04/1990,,,,415.05,5.2,22.68,20.06,,16.96,92.55
31/03/1990,,,,401.25,5.2165,21.82,20.28,,16.89,93.16
28/02/1990,,,,408.15,5.566,19.89,18.49,,16.98,96.32
31/01/1990,,,,375.3,5.2325,19.94,18.63,,16.9,98.13
31/12/1989,,,,366.5,5.28,20.13,18.16,,16.74,98.41
30/11/1989,,,,359.8,5.069,18.83,17.24,,16.66,102.19
31/10/1989,,,,368.3,5.1455,18.31,16.67,,16.45,97.5
30/09/1989,,,,373,5.174,20.27,17.51,,16.43,102.14
31/08/1989,,,,361.8,5.22,19.9,17.64,,16.33,102.91
31/07/1989,,,,377.55,5.639,20.42,18.62,,15.84,97.72
30/06/1989,,,,383.2,5.766,20.19,19.58,,15.64,98.22
31/05/1989,,,,387,5.858,18.15,16.4,,15.33,94.91
30/04/1989,,,,394,5.8475,17.03,15.91,,15.17,96.75
31/03/1989,,,,410.25,6.05,17.24,15.52,,15.02,92.53
28/02/1989,,,,422.6,6.069,15.32,14.05,,14.95,90.5
31/01/1989,,,,412.4,6.3075,13.58,12.74,,14.87,93.67
31/12/1988,,,,397.7,6.169,13.37,12.24,,14.54,97.7
30/11/1988,,,,427.75,6.459,15.18,14.6,,14.32,98.44
31/10/1988,,,,436.8,6.8,16.31,15.7,,14.14,97.54
30/09/1988,,,,436.55,6.65,15.16,14.85,,14.14,95.4
31/08/1988,,,,455.5,6.6,17.51,,,13.39,91.11
31/07/1988,,,,449,6.4625,17.99,,,13.22,89.14
30/06/1988,,,,456.95,6.7515,17.08,,,13.05,88.37
31/05/1988,,,,426.15,6.1375,16.01,,,13.02,90.49
30/04/1988,,,,458,6.55,16.94,,,13.05,90.33
31/03/1988,,,,484.1,6.7,16.7,,,12.86,85.4
29/02/1988,,,,492.5,7.254,18.51,,,12.93,89.32
31/01/1988,,,,468.8,6.88,19.96,,,13,93.7
31/12/1987,,,,459.5,7.6425,19.59,,,13.13,98.58
30/11/1987,,,,453.4,7.547,19.73,,,13.05,97.41
31/10/1987,,,,462.5,8.32,21.37,,,13.11,99.79
30/09/1987,,,,447.3,7.142,20.29,,,12.94,98.25
31/08/1987,,,,451,7.685,19.38,,,12.85,97.65
31/07/1987,,,,453.25,8.125,18.73,,,12.72,96.09
30/06/1987,,,,420.32,6.305,18.83,,,12.85,97.5
31/05/1987,,,,405.85,5.4675,16.6,,,13.05,99.22
30/04/1987,,,,400.5,5.55,18.75,,,12.97,99.85
31/03/1987,,,,388.75,5.2815,17.94,,,13.13,103.59
28/02/1987,,,,383.5,5.3825,15,,,13.11,105.91
31/01/1987,,,,401,5.6065,15.27,,,12.95,109.2
31/12/1986,,,,423.2,5.52,14.77,,,12.78,106.76
30/11/1986,,,,384.7,5.17,15.9,,,12.55,106.39
31/10/1986,,,,357.5,5.045,11.15,,,12.57,108.03
30/09/1986,,,,345.5,5.045,12.78,,,12.54,111.31
31/08/1986,,,,343.2,5.205,14.3,,,12.69,117.64
31/07/1986,,,,345.75,5.1075,13.34,,,12.27,112.14
30/06/1986,,,,344,5.6175,10.42,,,12.31,117.92
31/05/1986,,,,338.15,5.667,13.26,,,12.14,115.08
30/04/1986,,,,350.5,6.103,18.83,,,12.3,121.52
31/03/1986,,,,326.8,5.8,26.3,,,12.1,123.46
28/02/1986,,,,325.3,6.15,29.75,,,12.02,124.99
31/01/1986,,,,325.1,6.145,30.38,,,12.06,129.39
31/12/1985,,,,326.5,6.054,29.08,,,11.7,132.12
30/11/1985,,,,333.25,6.247,28.08,,,11.9,138.2
31/10/1985,,,,327.5,6.335,27.12,,,11.84,137.26
30/09/1985,,,,317.75,6.11,26.87,,,12.4,146.12
31/08/1985,,,,314,6.085,27.84,,,12.44,147.86
31/07/1985,,,,321.35,6.322,27.63,,,12.5,149.7
30/06/1985,,,,329.25,6.66,28.29,,,12.5,149.18
31/05/1985,,,,287.75,5.715,26.73,,,13,160.41
30/04/1985,,,,306.65,6.33,26.41,,,12.71,152.72
31/03/1985,,,,309,6.288,26.41,,,12.4,151.47
28/02/1985,,,,329,7.051,27.31,,,12.15,149.21
31/01/1985,,,,333.5,7.195,28.46,,,12.15,146.39
31/12/1984,,,,343.75,7.435,29.66,,,11.94,147.55
30/11/1984,,,,348.25,7.445,29.23,,,11.58,140.33
31/10/1984,,,,342.35,7.11,27.6,,,11.52,141.29
30/09/1984,,,,373.05,8.392,29.75,,,11.21,136.26
31/08/1984,,,,384.25,9.12,30.83,,,11.04,133.69
31/07/1984,,,,375.8,8.962,30.26,,,10.91,132.64
30/06/1984,,,,388.5,9.65,30.85,,,10.7,128.22
31/05/1984,,,,394.25,9.64,30.55,,,10.7,128.25
30/04/1984,,,,373.75,8.43,29.98,,,10.74,135.51
31/03/1984,,,,382.4,8.91,29.6,,,10.51,131.79
29/02/1984,,,,405,9.81,29.23,,,10.45,130.64
31/01/1984,,,,382,8.74,30.37,,,10.28,128.4
31/12/1983,,,,405,11.24,30.36,,,10.21,128.35
30/11/1983,,,,414.25,11.99,31.59,,,10.21,130.84
31/10/1983,,,,422,12.145,32,,,10.12,128.44
30/09/1983,,,,416,11.598,31.38,,,10.1,124.94
31/08/1983,,,,437.5,13.545,30.25,,,10.02,123.79
31/07/1983,,,,429.25,11.957,30.63,,,9.97,122.39
30/06/1983,,,,414.75,10.5,29.29,,,10.05,122.21
31/05/1983,,,,408.5,11.7,,,,9.94,120.35
30/04/1983,,,,499.5,13.82,,,,9.9,121.12
31/03/1983,,,,456.9,10.87,,,,9.62,117.36
28/02/1983,,,,436,9.54,,,,9.77,121
31/01/1983,,,,423.25,9.87,,,,9.71,124.78
31/12/1982,,,,397,8.193,,,,9.69,122.2
30/11/1982,,,,411.5,7.73,,,,9.63,120.29
31/10/1982,,,,342.9,6.635,,,,9.56,119.05
30/09/1982,,,,317.5,5.73,,,,9.57,119.04
31/08/1982,,,,325.25,6.356,,,,9.39,112.79
31/07/1982,,,,361.25,7.06,,,,9.38,111.6
30/06/1982,,,,320,7.06,,,,9.35,114.73
31/05/1982,,,,362.6,7.84,,,,9.27,111.93
30/04/1982,,,,387,8.28,,,,9.15,108.03
31/03/1982,,,,397.5,8.154,,,,9.11,104.69
28/02/1982,,,,414.5,8.266,,,,9.11,103.18
31/01/1982,,,,427,9.12,,,,9.13,106.13
31/12/1981,,,,428.75,8.95,,,,9.12,107.73
30/11/1981,,,,425.5,9.154,,,,9.05,110.28
31/10/1981,,,,406,8.51,,,,9.02,111.72
30/09/1981,,,,426,8.3,,,,8.62,107.71
31/08/1981,,,,479.25,10.585,,,,8.5,104.95
31/07/1981,,,,482.75,11.065,,,,8.31,100.45
30/06/1981,,,,513.75,12.33,,,,8.31,96.76
31/05/1981,,,,489,12.53,,,,8.32,97.06
30/04/1981,,,,506.5,13.15,,,,8.07,95.24
31/03/1981,,,,589.75,15.5,,,,7.94,90.39
28/02/1981,,,,619.75,18.422,,,,7.82,90.01
31/01/1981,,,,629,18.875,,,,7.72,88.38
31/12/1980,,,,666.75,20.501,,,,7.75,86.02
30/11/1980,,,,631.25,16.06,,,,7.75,85.85
31/10/1980,,,,614.25,15.78,,,,7.76,86.08
30/09/1980,,,,653.5,16.75,,,,7.85,85.2
31/08/1980,,,,535.5,13.7,,,,7.75,85.93
31/07/1980,,,,518,13.834,,,,7.9,88.11
30/06/1980,,,,494.5,13.494,,,,8.2,93.58
31/05/1980,,,,637,35.52,,,,8.06,87.65
30/04/1980,,,,653,35.28,,,,8,86.14
31/03/1980,,,,512,32.2,,,,8,85.82
29/02/1980,,,,415.65,19,,,,8.1,86.79
31/01/1980,,,,382,16.6,,,,8.4,88.95
31/12/1979,,,,397.25,16.25,,,,8.06,85.45
30/11/1979,,,,315.1,10.32,,,,8.08,87.19
31/10/1979,,,,296.45,9.083,,,,7.94,87.31
30/09/1979,,,,277.5,8.536,,,,8.08,87.85
31/08/1979,,,,274.6,8.772,,,,8.22,90.53
31/07/1979,,,,245.3,7.651,,,,8.37,89.98
30/06/1979,,,,240.1,7.453,,,,8.3,88.53
31/05/1979,,,,251.3,7.689,,,,8.22,88.18
30/04/1979,,,,233.7,6.711,,,,8.29,88.86
31/03/1979,,,,226,6.021,,,,8.23,86.5
28/02/1979,,,,193.4,5.908,,,,8.33,90.22
31/01/1979,,,,242.6,6.264,,,,7.66,83.07
31/12/1978,,,,217.1,5.668,,,,7.97,88.83
30/11/1978,,,,208.7,5.531,,,,8.16,90
31/10/1978,,,,200.25,5.573,,,,8.13,90.94
30/09/1978,,,,183.05,5.277,,,,8.33,93.53
31/08/1978,,,,184.15,5.466,,,,8.44,95.46
31/07/1978,,,,170.85,4.998,,,,8.7,95.62
30/06/1978,,,,181.6,5.345,,,,8.33,93.84
31/05/1978,,,,182.25,4.969,,,,8.13,94.6
30/04/1978,,,,175.75,4.95,,,,8.1,96.64
31/03/1978,,,,164.95,4.756,,,,8.47,96.44
28/02/1978,,,,160.05,4.742,,,,8.62,100.37
31/01/1978,,,,161.5,4.852,,,,8.55,100.96
31/12/1977,,,,154.05,4.645,,,,8.73,103.21
30/11/1977,,,,146,4.448,,,,8.73,103.64
31/10/1977,,,,144.1,4.52,,,,8.81,102.86
30/09/1977,,,,143,4.507,,,,8.88,103.84
31/08/1977,,,,142.95,4.561,,,,8.83,104.52
31/07/1977,,,,147.25,4.713,,,,8.85,104.39
30/06/1977,,,,148.9,4.829,,,,8.82,105.03
31/05/1977,,,,142.75,4.733,,,,8.87,105.26
30/04/1977,,,,132.3,4.446,,,,8.81,105.54
31/03/1977,,,,134.5,4.355,,,,8.97,104.56
28/02/1977,,,,130.25,4.28,,,,8.93,106.19
31/01/1977,,,,123.15,4.271,,,,8.93,105.94
31/12/1976,,,,116,4.39,,,,8.85,105.5
30/11/1976,,,,104,4.105,,,,9.01,106.13
31/10/1976,,,,112.5,4.543,,,,8.9,106.56
30/09/1976,,,,123.8,4.833,,,,9.01,106.64
31/08/1976,,,,125.5,4.62,,,,9.3,107.29
31/07/1976,,,,128.4,4.43,,,,8.93,106.23
30/06/1976,,,,129.6,4.106,,,,8.97,105.34
31/05/1976,,,,132.3,4.162,,,,8.97,103.66
30/04/1976,,,,128.15,4.01,,,,8.97,103.88
31/03/1976,,,,140.25,4.179,,,,8.97,103.51
29/02/1976,,,,138.15,4.226,,,,8.97,103.53
31/01/1976,,,,142.9,4.186,,,,8.73,101.61
31/12/1975,,,,141.25,4.441,,,,8.94,104.24
30/11/1975,,,,159.8,4.634,,,,8.85,101.79
31/10/1975,,,,166.7,5.003,,,,8.51,101.25
30/09/1975,,,,166.25,4.571,,,,8.4,95.86
31/08/1975,,,,167,4.53,,,,8.1,94.63
31/07/1975,,,,167,4.426,,,,8,95.39
30/06/1975,,,,178.16,4.278,,,,7.75,94.82
31/05/1975,,,,181.75,4.424,,,,7.94,93
30/04/1975,,,,175.8,4.15,,,,8.13,95.61
31/03/1975,,,,183.85,4.473,,,,8.13,97.29
28/02/1975,,,,181.66,4.455,,,,8.06,99.57
31/01/1975,,,,158.78,4.859,,,,8.06,101.26
31/12/1974,,,,151.77,4.245,,,,8.12,102.48
30/11/1974,,,,154.64,4.116,,,,8.1,103.18
31/10/1974,,,,142.98,4.789,,,,7.87,100.54
30/09/1974,,,,154.1,4.613,,,,7.81,100.16
31/08/1974,,,,163.27,4.92,,,,7.81,99.77
31/07/1974,,,,172.24,5.617,,,,7.81,98.49
30/06/1974,,,,168.42,5.348,,,,7.97,99.51
31/05/1974,,,,150.23,5.685,,,,8.2,103.03
30/04/1974,,,,129.19,3.867,,,,8.55,105.9
31/03/1974,,,,106.72,3.256,,,,8.16,102.39
28/02/1974,,,,94.82,2.924,,,,8.06,100.35
31/01/1974,,,,100.08,2.835,,,,7.69,95.06
31/12/1973,,,,102.97,2.697,,,,7.75,94.79
30/11/1973,,,,106.76,2.596,,,,7.58,95.77
31/10/1973,,,,120.17,2.76,,,,7.49,92.91
30/09/1973,,,,120.12,2.666,,,,7.27,93.88
31/08/1973,,,,101.96,2.551,,,,7.35,98
31/07/1973,,,,90.5,2.147,,,,7.58,101.43
30/06/1973,,,,84.37,2.197,,,,7.58,101.17
31/05/1973,,,,74.2,2.43,,,,7.52,100.13
30/04/1973,,,,65.14,2.011,,,,8,109.01
31/03/1973,,,,63.91,2.031,,,,,110.14
28/02/1973,,,,62.91,1.852,,,,,109.85
31/01/1973,,,,64.86,1.798,,,,,109.9
31/12/1972,,,,65.47,1.739,,,,,109.39
30/11/1972,,,,67.03,1.908,,,,,108.96
31/10/1972,,,,65.67,1.828,,,,,108.76
30/09/1972,,,,62.09,1.562,,,,,108.51
31/08/1972,,,,54.62,1.55,,,,,108.17
31/07/1972,,,,49.03,1.571,,,,,108.62
30/06/1972,,,,48.33,1.562,,,,,108.4
31/05/1972,,,,48.26,1.47,,,,,108.68
30/04/1972,,,,45.75,1.499,,,,,109.6
31/03/1972,,,,43.48,1.371,,,,,111.21
29/02/1972,,,,42.86,1.332,,,,,114.01
31/01/1972,,,,42.5,1.307,,,,,114.65
31/12/1971,,,,42.02,1.376,,,,,114.93
30/11/1971,,,,42.73,1.502,,,,,116.47
31/10/1971,,,,40.95,1.592,,,,,118.76
30/09/1971,,,,40.1,1.575,,,,,119.16
31/08/1971,,,,40.52,1.601,,,,,119.43
31/07/1971,,,,39.01,1.689,,,,,120.19
30/06/1971,,,,38.87,1.686,,,,,120.17
31/05/1971,,,,38.74,1.587,,,,,120.26
30/04/1971,,,,37.87,1.593,,,,,120.24
31/03/1971,,,,37.44,1.633,,,,,120.643
28/02/1971,,,,37.44,1.653,,,,,120.546
31/01/1971,,,,37.52,1.783,,,,,120.643
31/12/1970,,,,36.19,1.701,,,,,120.62
30/11/1970,,,,35.38,1.837,,,,,120.704
31/10/1970,,,,35.32,1.768,,,,,120.904
30/09/1970,,,,35.44,1.607,,,,,120.978
31/08/1970,,,,35.95,1.631,,,,,121.322
31/07/1970,,,,35.62,1.724,,,,,121.36
30/06/1970,,,,35.09,1.878,,,,,121.601
31/05/1970,,,,34.99,1.899,,,,,121.722
30/04/1970,,,,34.94,1.912,,,,,121.747
31/03/1970,,,,35.17,1.791,,,,,121.74
28/02/1970,,,,35.13,1.887,,,,,121.769
31/01/1970,,,,40.44,1.947,,,,,122.182
31/12/1969,,,,40.87,1.876,,,,,123.823
30/11/1969,,,,41.09,1.674,,,,,123.464
31/10/1969,,,,41.76,1.629,,,,,122.364
30/09/1969,,,,41.44,1.564,,,,,122.343
31/08/1969,,,,43.46,1.772,,,,,122.237
31/07/1969,,,,43.3,1.776,,,,,122.262
30/06/1969,,,,43.2,1.825,,,,,122.287
31/05/1969,,,,42.6,1.825,,,,,122.194
30/04/1969,,,,42.3,2.001,,,,,122.078
31/03/1969,,,,41.1,1.947,,,,,121.962
28/02/1969,,,,39.8,1.968,,,,,121.95
31/01/1969,,,,39.2,1.933,,,,,122.026
31/12/1968,,,,40.2,2.171,,,,,121.983
30/11/1968,,,,39.2,2.239,,,,,122.176
31/10/1968,,,,39.5,2.285,,,,,122.183
30/09/1968,,,,41.1,2.502,,,,,122.219
31/08/1968,,,,40.7,2.483,,,,,122.043
31/07/1968,,,,37.9,2.397,,,,,122.009
30/06/1968,,,,35.2,2.278,,,,,122.001
31/05/1968,,,,35.2,2.084,,,,,122.079
30/04/1968,,,,35.2,1.96,,,,,122.069
31/03/1968,,,,34.95,2.066,,,,,121.789
29/02/1968,,,,34.95,1.953,,,,,120.266
31/01/1968,,,,34.95,1.786,,,,,119.727
31/12/1967,,,,34.95,1.68,,,,,119.74
30/11/1967,,,,34.95,1.75,,,,,119.747
31/10/1967,,,,34.95,1.593,,,,,119.699
30/09/1967,,,,34.95,1.301,,,,,119.63
31/08/1967,,,,34.95,1.296,,,,,119.645
31/07/1967,,,,34.95,1.293,,,,,119.724
30/06/1967,,,,34.95,1.293,,,,,119.787
31/05/1967,,,,34.95,1.293,,,,,119.81
30/04/1967,,,,34.95,1.293,,,,,119.89
31/03/1967,,,,35.13,1.293,,,,,
28/02/1967,,,,35.13,1.293,,,,,
31/01/1967,,,,35.13,1.293,,,,,
31/12/1966,,,,35.13,1.293,,,,,
30/11/1966,,,,35.13,1.293,,,,,
31/10/1966,,,,35.13,1.293,,,,,
30/09/1966,,,,35.13,1.293,,,,,
31/08/1966,,,,35.13,1.293,,,,,
31/07/1966,,,,35.13,1.293,,,,,
30/06/1966,,,,35.13,1.293,,,,,
31/05/1966,,,,35.13,1.293,,,,,
30/04/1966,,,,35.13,1.293,,,,,
31/03/1966,,,,35.12,1.293,,,,,
28/02/1966,,,,35.12,1.293,,,,,
31/01/1966,,,,35.12,1.293,,,,,
31/12/1965,,,,35.12,1.293,,,,,
30/11/1965,,,,35.12,1.293,,,,,
31/10/1965,,,,35.12,1.293,,,,,
30/09/1965,,,,35.12,1.293,,,,,
31/08/1965,,,,35.12,1.293,,,,,
31/07/1965,,,,35.12,1.293,,,,,
30/06/1965,,,,35.12,1.293,,,,,
31/05/1965,,,,35.12,1.293,,,,,
30/04/1965,,,,35.12,1.293,,,,,
31/03/1965,,,,35.1,1.293,,,,,
28/02/1965,,,,35.1,1.293,,,,,
31/01/1965,,,,35.1,1.293,,,,,
31/12/1964,,,,35.1,1.293,,,,,
30/11/1964,,,,35.1,1.293,,,,,
31/10/1964,,,,35.1,1.293,,,,,
30/09/1964,,,,35.1,1.293,,,,,
31/08/1964,,,,35.1,1.293,,,,,
31/07/1964,,,,35.1,1.293,,,,,
30/06/1964,,,,35.1,1.293,,,,,
31/05/1964,,,,35.1,1.293,,,,,
30/04/1964,,,,35.1,1.293,,,,,
31/03/1964,,,,35.09,1.293,,,,,
29/02/1964,,,,35.09,1.293,,,,,
31/01/1964,,,,35.09,1.293,,,,,
31/12/1963,,,,35.09,1.293,,,,,
30/11/1963,,,,35.09,1.288,,,,,
31/10/1963,,,,35.09,1.29,,,,,
30/09/1963,,,,35.09,1.277,,,,,
31/08/1963,,,,35.09,1.279,,,,,
31/07/1963,,,,35.09,1.273,,,,,
30/06/1963,,,,35.09,1.271,,,,,
31/05/1963,,,,35.09,1.256,,,,,
30/04/1963,,,,35.09,1.244,,,,,
31/03/1963,,,,35.23,1.199,,,,,
28/02/1963,,,,35.23,1.192,,,,,
31/01/1963,,,,35.23,1.206,,,,,
31/12/1962,,,,35.23,1.155,,,,,
30/11/1962,,,,35.23,1.083,,,,,
31/10/1962,,,,35.23,1.038,,,,,
30/09/1962,,,,35.23,1.025,,,,,
31/08/1962,,,,35.23,1.018,,,,,
31/07/1962,,,,35.23,1.018,,,,,
30/06/1962,,,,35.23,1.018,,,,,
31/05/1962,,,,35.23,1.027,,,,,
30/04/1962,,,,35.23,1.045,,,,,
31/03/1962,,,,35.25,1.033,,,,,
28/02/1962,,,,35.25,0.923,,,,,
31/01/1962,,,,35.25,0.914,,,,,
31/12/1961,,,,35.25,0.914,,,,,
30/11/1961,,,,35.25,0.914,,,,,
31/10/1961,,,,35.25,0.914,,,,,
30/09/1961,,,,35.25,0.914,,,,,
31/08/1961,,,,35.25,0.914,,,,,
31/07/1961,,,,35.25,0.914,,,,,
30/06/1961,,,,35.25,0.914,,,,,
31/05/1961,,,,35.25,0.914,,,,,
30/04/1961,,,,35.25,0.914,,,,,
31/03/1961,,,,35.27,0.914,,,,,
28/02/1961,,,,35.27,0.914,,,,,
31/01/1961,,,,35.27,0.914,,,,,
31/12/1960,,,,35.27,0.914,,,,,
30/11/1960,,,,35.27,0.914,,,,,
31/10/1960,,,,35.27,0.914,,,,,
30/09/1960,,,,35.27,0.914,,,,,
31/08/1960,,,,35.27,0.914,,,,,
31/07/1960,,,,35.27,0.914,,,,,
30/06/1960,,,,35.27,0.914,,,,,
31/05/1960,,,,35.27,0.914,,,,,
30/04/1960,,,,35.27,0.914,,,,,
31/03/1960,,,,35.1,0.914,,,,,
29/02/1960,,,,35.1,0.914,,,,,
31/01/1960,,,,35.1,0.914,,,,,
31/12/1959,,,,35.1,0.914,,,,,
30/11/1959,,,,35.1,0.914,,,,,
31/10/1959,,,,35.1,0.914,,,,,
30/09/1959,,,,35.1,0.914,,,,,
31/08/1959,,,,35.1,0.914,,,,,
31/07/1959,,,,35.1,0.914,,,,,
30/06/1959,,,,35.1,0.914,,,,,
31/05/1959,,,,35.1,0.904,,,,,
30/04/1959,,,,35.1,0.902,,,,,
31/03/1959,,,,35.1,0.898,,,,,
28/02/1959,,,,35.1,0.901,,,,,
31/01/1959,,,,35.1,0.9,,,,,
31/12/1958,,,,35.1,0.887,,,,,
30/11/1958,,,,35.1,0.886,,,,,
31/10/1958,,,,35.1,0.886,,,,,
30/09/1958,,,,35.1,0.886,,,,,
31/08/1958,,,,35.1,0.886,,,,,
31/07/1958,,,,35.1,0.886,,,,,
30/06/1958,,,,35.1,0.886,,,,,
31/05/1958,,,,35.1,0.886,,,,,
30/04/1958,,,,35.1,0.894,,,,,
31/03/1958,,,,34.95,0.898,,,,,
28/02/1958,,,,34.95,0.904,,,,,
31/01/1958,,,,34.95,0.906,,,,,
31/12/1957,,,,34.95,0.906,,,,,
30/11/1957,,,,34.95,0.909,,,,,
31/10/1957,,,,34.95,0.903,,,,,
30/09/1957,,,,34.95,0.905,,,,,
31/08/1957,,,,34.95,0.913,,,,,
31/07/1957,,,,34.95,0.914,,,,,
30/06/1957,,,,34.95,0.914,,,,,
31/05/1957,,,,34.95,0.914,,,,,
30/04/1957,,,,34.95,0.914,,,,,
31/03/1957,,,,34.99,0.914,,,,,
28/02/1957,,,,34.99,0.914,,,,,
31/01/1957,,,,34.99,0.912,,,,,
31/12/1956,,,,34.99,0.908,,,,,
30/11/1956,,,,34.99,0.906,,,,,
31/10/1956,,,,34.99,0.901,,,,,
30/09/1956,,,,34.99,0.905,,,,,
31/08/1956,,,,34.99,0.908,,,,,
31/07/1956,,,,34.99,0.909,,,,,
30/06/1956,,,,34.99,0.911,,,,,
31/05/1956,,,,34.99,0.909,,,,,
30/04/1956,,,,34.99,0.904,,,,,
31/03/1956,,,,35.03,0.905,,,,,
29/02/1956,,,,35.03,0.915,,,,,
31/01/1956,,,,35.03,0.918,,,,,
31/12/1955,,,,35.03,0.908,,,,,
30/11/1955,,,,35.03,0.908,,,,,
31/10/1955,,,,35.03,0.905,,,,,
30/09/1955,,,,35.03,0.897,,,,,
31/08/1955,,,,35.03,0.889,,,,,
31/07/1955,,,,35.03,0.871,,,,,
30/06/1955,,,,35.03,0.873,,,,,
31/05/1955,,,,35.03,0.853,,,,,
30/04/1955,,,,35.03,0.853,,,,,
31/03/1955,,,,35.04,0.853,,,,,
28/02/1955,,,,35.04,0.853,,,,,
31/01/1955,,,,35.04,0.853,,,,,
31/12/1954,,,,35.04,0.853,,,,,
30/11/1954,,,,35.04,0.853,,,,,
31/10/1954,,,,35.04,0.853,,,,,
30/09/1954,,,,35.04,0.853,,,,,
31/08/1954,,,,35.04,0.853,,,,,
31/07/1954,,,,35.04,0.853,,,,,
30/06/1954,,,,35.04,0.853,,,,,
31/05/1954,,,,35.04,0.853,,,,,
30/04/1954,,,,35.04,0.853,,,,,
31/03/1954,,,,34.84,0.853,,,,,
28/02/1954,,,,34.84,0.853,,,,,
31/01/1954,,,,34.84,0.853,,,,,
31/12/1953,,,,34.84,0.853,,,,,
30/11/1953,,,,34.84,0.853,,,,,
31/10/1953,,,,34.84,0.853,,,,,
30/09/1953,,,,34.84,0.853,,,,,
31/08/1953,,,,34.84,0.853,,,,,
31/07/1953,,,,34.84,0.853,,,,,
30/06/1953,,,,34.84,0.853,,,,,
31/05/1953,,,,34.84,0.853,,,,,
30/04/1953,,,,34.84,0.845,,,,,
31/03/1953,,,,34.6,0.833,,,,,
28/02/1953,,,,34.6,0.833,,,,,
31/01/1953,,,,34.6,0.833,,,,,
31/12/1952,,,,34.6,0.833,,,,,
30/11/1952,,,,34.6,0.833,,,,,
31/10/1952,,,,34.6,0.829,,,,,
30/09/1952,,,,34.6,0.828,,,,,
31/08/1952,,,,34.6,0.854,,,,,
31/07/1952,,,,34.6,0.88,,,,,
30/06/1952,,,,34.6,0.88,,,,,
31/05/1952,,,,34.6,0.88,,,,,
30/04/1952,,,,34.6,0.88,,,,,
31/03/1952,,,,34.72,0.88,,,,,
29/02/1952,,,,34.72,0.88,,,,,
31/01/1952,,,,34.72,0.881,,,,,
31/12/1951,,,,34.72,0.902,,,,,
30/11/1951,,,,34.72,0.902,,,,,
31/10/1951,,,,34.72,0.902,,,,,
30/09/1951,,,,34.72,0.884,,,,,
31/08/1951,,,,34.72,0.902,,,,,
31/07/1951,,,,34.72,0.902,,,,,
30/06/1951,,,,34.72,0.902,,,,,
31/05/1951,,,,34.72,0.902,,,,,
30/04/1951,,,,34.72,0.887,,,,,
31/03/1951,,,,34.72,0.8,,,,,
28/02/1951,,,,34.72,0.8,,,,,
31/01/1951,,,,34.72,0.751,,,,,
31/12/1950,,,,34.72,0.728,,,,,
30/11/1950,,,,34.72,0.728,,,,,
31/10/1950,,,,34.72,0.728,,,,,
30/09/1950,,,,34.72,0.728,,,,,
31/08/1950,,,,34.72,0.726,,,,,
31/07/1950,,,,34.72,0.718,,,,,
30/06/1950,,,,34.72,0.731,,,,,
31/05/1950,,,,34.72,0.733,,,,,
30/04/1950,,,,34.72,0.733,,,,,
31/03/1950,,,,34.69,,,,,,
28/02/1950,,,,34.69,,,,,,
31/01/1950,,,,34.69,,,,,,
31/12/1949,,,,34.69,,,,,,
30/11/1949,,,,34.69,,,,,,
31/10/1949,,,,34.69,,,,,,
30/09/1949,,,,34.69,,,,,,
31/08/1949,,,,34.69,,,,,,
31/07/1949,,,,34.69,,,,,,
30/06/1949,,,,34.69,,,,,,
31/05/1949,,,,34.69,,,,,,
30/04/1949,,,,34.69,,,,,,
31/03/1949,,,,34.71,,,,,,
28/02/1949,,,,34.71,,,,,,
31/01/1949,,,,34.71,,,,,,
31/12/1948,,,,34.71,,,,,,
30/11/1948,,,,34.71,,,,,,
31/10/1948,,,,34.71,,,,,,
30/09/1948,,,,34.71,,,,,,
31/08/1948,,,,34.71,,,,,,
31/07/1948,,,,34.71,,,,,,
30/06/1948,,,,34.71,,,,,,
31/05/1948,,,,34.71,,,,,,
30/04/1948,,,,34.71,,,,,,
31/03/1948,,,,34.71,,,,,,
29/02/1948,,,,34.71,,,,,,
31/01/1948,,,,34.71,,,,,,
31/12/1947,,,,34.71,,,,,,
30/11/1947,,,,34.71,,,,,,
31/10/1947,,,,34.71,,,,,,
30/09/1947,,,,34.71,,,,,,
31/08/1947,,,,34.71,,,,,,
31/07/1947,,,,34.71,,,,,,
30/06/1947,,,,34.71,,,,,,
31/05/1947,,,,34.71,,,,,,
30/04/1947,,,,34.71,,,,,,
31/03/1947,,,,34.71,,,,,,
28/02/1947,,,,34.71,,,,,,
31/01/1947,,,,34.71,,,,,,
31/12/1946,,,,34.71,,,,,,
30/11/1946,,,,34.71,,,,,,
31/10/1946,,,,34.71,,,,,,
30/09/1946,,,,34.71,,,,,,
31/08/1946,,,,34.71,,,,,,
31/07/1946,,,,34.71,,,,,,
30/06/1946,,,,34.71,,,,,,
31/05/1946,,,,34.71,,,,,,
30/04/1946,,,,34.71,,,,,,
31/03/1946,,,,34.71,,,,,,
28/02/1946,,,,34.71,,,,,,
31/01/1946,,,,34.71,,,,,,
31/12/1945,,,,34.71,,,,,,
30/11/1945,,,,34.71,,,,,,
31/10/1945,,,,34.71,,,,,,
30/09/1945,,,,34.71,,,,,,
31/08/1945,,,,34.71,,,,,,
31/07/1945,,,,34.71,,,,,,
30/06/1945,,,,34.71,,,,,,
31/05/1945,,,,34.71,,,,,,
30/04/1945,,,,34.71,,,,,,
31/03/1945,,,,33.85,,,,,,
28/02/1945,,,,33.85,,,,,,
31/01/1945,,,,33.85,,,,,,
31/12/1944,,,,33.85,,,,,,
30/11/1944,,,,33.85,,,,,,
31/10/1944,,,,33.85,,,,,,
30/09/1944,,,,33.85,,,,,,
31/08/1944,,,,33.85,,,,,,
31/07/1944,,,,33.85,,,,,,
30/06/1944,,,,33.85,,,,,,
31/05/1944,,,,33.85,,,,,,
30/04/1944,,,,33.85,,,,,,
31/03/1944,,,,33.85,,,,,,
29/02/1944,,,,33.85,,,,,,
31/01/1944,,,,33.85,,,,,,
31/12/1943,,,,33.85,,,,,,
30/11/1943,,,,33.85,,,,,,
31/10/1943,,,,33.85,,,,,,
30/09/1943,,,,33.85,,,,,,
31/08/1943,,,,33.85,,,,,,
31/07/1943,,,,33.85,,,,,,
30/06/1943,,,,33.85,,,,,,
31/05/1943,,,,33.85,,,,,,
30/04/1943,,,,33.85,,,,,,
31/03/1943,,,,33.85,,,,,,
28/02/1943,,,,33.85,,,,,,
31/01/1943,,,,33.85,,,,,,
31/12/1942,,,,33.85,,,,,,
30/11/1942,,,,33.85,,,,,,
31/10/1942,,,,33.85,,,,,,
30/09/1942,,,,33.85,,,,,,
31/08/1942,,,,33.85,,,,,,
31/07/1942,,,,33.85,,,,,,
30/06/1942,,,,33.85,,,,,,
31/05/1942,,,,33.85,,,,,,
30/04/1942,,,,33.85,,,,,,
31/03/1942,,,,33.85,,,,,,
28/02/1942,,,,33.85,,,,,,
31/01/1942,,,,33.85,,,,,,
31/12/1941,,,,33.85,,,,,,
30/11/1941,,,,33.85,,,,,,
31/10/1941,,,,33.85,,,,,,
30/09/1941,,,,33.85,,,,,,
31/08/1941,,,,33.85,,,,,,
31/07/1941,,,,33.85,,,,,,
30/06/1941,,,,33.85,,,,,,
31/05/1941,,,,33.85,,,,,,
30/04/1941,,,,33.85,,,,,,
31/03/1941,,,,33.85,,,,,,
28/02/1941,,,,33.85,,,,,,
31/01/1941,,,,33.85,,,,,,
31/12/1940,,,,33.85,,,,,,
30/11/1940,,,,33.85,,,,,,
31/10/1940,,,,33.85,,,,,,
30/09/1940,,,,33.85,,,,,,
31/08/1940,,,,33.85,,,,,,
31/07/1940,,,,33.85,,,,,,
30/06/1940,,,,33.85,,,,,,
31/05/1940,,,,33.85,,,,,,
30/04/1940,,,,33.85,,,,,,
31/03/1940,,,,34.42,,,,,,
29/02/1940,,,,34.42,,,,,,
31/01/1940,,,,34.42,,,,,,
31/12/1939,,,,34.42,,,,,,
30/11/1939,,,,34.42,,,,,,
31/10/1939,,,,34.42,,,,,,
30/09/1939,,,,34.42,,,,,,
31/08/1939,,,,34.42,,,,,,
31/07/1939,,,,34.42,,,,,,
30/06/1939,,,,34.42,,,,,,
31/05/1939,,,,34.42,,,,,,
30/04/1939,,,,34.42,,,,,,
31/03/1939,,,,34.85,,,,,,
28/02/1939,,,,34.85,,,,,,
31/01/1939,,,,34.85,,,,,,
31/12/1938,,,,34.85,,,,,,
30/11/1938,,,,34.85,,,,,,
31/10/1938,,,,34.85,,,,,,
30/09/1938,,,,34.85,,,,,,
31/08/1938,,,,34.85,,,,,,
31/07/1938,,,,34.85,,,,,,
30/06/1938,,,,34.85,,,,,,
31/05/1938,,,,34.85,,,,,,
30/04/1938,,,,34.85,,,,,,
31/03/1938,,,,34.79,,,,,,
28/02/1938,,,,34.79,,,,,,
31/01/1938,,,,34.79,,,,,,
31/12/1937,,,,34.79,,,,,,
30/11/1937,,,,34.79,,,,,,
31/10/1937,,,,34.79,,,,,,
30/09/1937,,,,34.79,,,,,,
31/08/1937,,,,34.79,,,,,,
31/07/1937,,,,34.79,,,,,,
30/06/1937,,,,34.79,,,,,,
31/05/1937,,,,34.79,,,,,,
30/04/1937,,,,34.79,,,,,,
31/03/1937,,,,34.87,,,,,,
28/02/1937,,,,34.87,,,,,,
31/01/1937,,,,34.87,,,,,,
31/12/1936,,,,34.87,,,,,,
30/11/1936,,,,34.87,,,,,,
31/10/1936,,,,34.87,,,,,,
30/09/1936,,,,34.87,,,,,,
31/08/1936,,,,34.87,,,,,,
31/07/1936,,,,34.87,,,,,,
30/06/1936,,,,34.87,,,,,,
31/05/1936,,,,34.87,,,,,,
30/04/1936,,,,34.87,,,,,,
31/03/1936,,,,34.84,,,,,,
29/02/1936,,,,34.84,,,,,,
31/01/1936,,,,34.84,,,,,,
31/12/1935,,,,34.84,,,,,,
30/11/1935,,,,34.84,,,,,,
31/10/1935,,,,34.84,,,,,,
30/09/1935,,,,34.84,,,,,,
31/08/1935,,,,34.84,,,,,,
31/07/1935,,,,34.84,,,,,,
30/06/1935,,,,34.84,,,,,,
31/05/1935,,,,34.84,,,,,,
30/04/1935,,,,34.84,,,,,,
31/03/1935,,,,34.69,,,,,,
28/02/1935,,,,34.69,,,,,,
31/01/1935,,,,34.69,,,,,,
31/12/1934,,,,34.69,,,,,,
30/11/1934,,,,34.69,,,,,,
31/10/1934,,,,34.69,,,,,,
30/09/1934,,,,34.69,,,,,,
31/08/1934,,,,34.69,,,,,,
31/07/1934,,,,34.69,,,,,,
30/06/1934,,,,34.69,,,,,,
31/05/1934,,,,34.69,,,,,,
30/04/1934,,,,34.69,,,,,,
31/03/1934,,,,26.33,,,,,,
28/02/1934,,,,26.33,,,,,,
31/01/1934,,,,26.33,,,,,,
31/12/1933,,,,26.33,,,,,,
30/11/1933,,,,26.33,,,,,,
31/10/1933,,,,26.33,,,,,,
30/09/1933,,,,26.33,,,,,,
31/08/1933,,,,26.33,,,,,,
31/07/1933,,,,26.33,,,,,,
30/06/1933,,,,26.33,,,,,,
31/05/1933,,,,26.33,,,,,,
30/04/1933,,,,26.33,,,,,,
31/03/1933,,,,20.69,,,,,,
28/02/1933,,,,20.69,,,,,,
31/01/1933,,,,20.69,,,,,,
31/12/1932,,,,20.69,,,,,,
30/11/1932,,,,20.69,,,,,,
31/10/1932,,,,20.69,,,,,,
30/09/1932,,,,20.69,,,,,,
31/08/1932,,,,20.69,,,,,,
31/07/1932,,,,20.69,,,,,,
30/06/1932,,,,20.69,,,,,,
31/05/1932,,,,20.69,,,,,,
30/04/1932,,,,20.69,,,,,,
31/03/1932,,,,20.63,,,,,,
29/02/1932,,,,20.63,,,,,,
31/01/1932,,,,20.63,,,,,,
31/12/1931,,,,20.63,,,,,,
30/11/1931,,,,20.63,,,,,,
31/10/1931,,,,20.63,,,,,,
30/09/1931,,,,20.63,,,,,,
31/08/1931,,,,20.63,,,,,,
31/07/1931,,,,20.63,,,,,,
30/06/1931,,,,20.63,,,,,,
31/05/1931,,,,20.63,,,,,,
30/04/1931,,,,20.63,,,,,,
31/03/1931,,,,,,,,,,
28/02/1931,,,,,,,,,,
31/01/1931,,,,,,,,,,
