Month,USA (S&P500),India (Nifty),China,Brazil,UK,France,Germany,Japan,Hong Kong,S Korea,Singapore,Russia,S Africa
30/10/2024,5832.92,24448.75,3873.41,130729.93,8219.61,7511.11,19478.07,39277.39,20331.48,2591.03,3564.02,,87300.97
30/09/2024,5762.48,25810.85,4017.85,131816.44,8236.95,7635.75,19324.93,37919.55,21133.68,2593.27,3585.29,3123.43,86548.42
30/08/2024,5648.4,25235.9,3321.43,136004.01,8376.63,7630.95,18906.92,38647.75,17989.07,2674.31,3442.93,3123.43,83749.86
31/07/2024,5522.3,24951.15,3442.08,127651.81,8367.98,7531.49,18508.65,39101.82,17344.6,2770.69,3455.94,3123.43,82765.12
28/06/2024,5460.48,24010.6,3461.66,123906.55,8164.12,7479.4,18235.45,39583.08,17718.61,2797.82,3332.8,3123.43,79707.11
31/05/2024,5277.51,22530.7,3579.92,122098.09,8275.38,7992.87,18497.94,38487.9,18079.61,2636.52,3336.59,3217.19,76704.26
30/04/2024,5035.69,22604.85,3604.39,125924.19,8144.13,7984.93,17932.17,38405.66,17763.03,2692.06,3292.69,3469.83,76076.17
29/03/2024,5254.35,22326.9,3537.48,128106.1,7952.62,8205.81,18492.49,40369.44,16541.42,2746.63,3224.01,3332.53,74535.99
29/02/2024,5096.27,21982.8,3516.08,129020.02,7630.02,7927.43,17678.19,39166.19,16511.44,2642.36,3141.85,3256.8,72729.73
31/01/2024,4845.65,21725.7,3215.35,127752.28,7630.57,7656.75,16903.76,36286.71,15485.07,2497.09,3153.01,3214.19,74555.87
29/12/2023,4769.83,21731.4,3431.11,134185.24,7733.24,7543.18,16751.64,33464.17,17047.39,2655.28,3240.27,3099.11,76893.15
30/11/2023,4567.8,20133.15,3496.2,127331.12,7453.75,7310.77,16215.43,33486.89,17042.88,2535.29,3072.99,3165.79,75534.36
31/10/2023,4193.8,19079.6,3572.51,113143.67,7321.72,6885.65,14810.34,30858.85,17112.48,2277.99,3067.74,3200.97,69653.44
29/09/2023,4288.05,19638.3,3689.52,116565.17,7608.08,7135.06,15386.58,31857.62,17809.66,2465.07,3217.41,3133.26,72382.89
31/08/2023,4507.66,19253.8,3765.27,115741.81,7439.13,7316.7,15947.08,32619.34,18382.06,2556.27,3233.3,3227.99,74953.73
31/07/2023,4588.96,19753.8,4014.63,121942.98,7699.41,7497.78,16446.83,33172.22,20078.94,2632.58,3373.98,3073.5,78977.89
30/06/2023,4450.38,19189.05,3842.45,118087,7531.53,7400.06,16147.9,33189.04,18916.43,2564.28,3205.91,2797.37,76027.83
31/05/2023,4179.83,18534.4,3798.54,108335.07,7446.14,7098.7,15664.02,30887.88,18234.27,2577.12,3158.8,2717.64,75067.47
28/04/2023,4169.48,18065,4029.09,104431.63,7870.57,7491.5,15922.38,28856.44,19894.57,2501.53,3270.51,2634.94,78218.37
31/03/2023,4109.31,17359.75,4050.93,101882.2,7631.74,7322.39,15628.84,28041.48,20400.11,2476.86,3258.9,2450.67,76100.17
28/02/2023,3970.15,17303.95,4069.46,104931.93,7876.28,7267.93,15365.14,27445.56,19785.94,2412.85,3262.63,2253.16,77733.87
31/01/2023,4076.6,17662.15,4156.86,113430.54,7771.7,7082.42,15128.27,27327.11,21842.33,2425.08,3365.67,2225.6,79476.6
30/12/2022,3839.5,18105.3,3871.63,109734.6,7451.74,6473.76,13923.59,26094.5,19781.41,2236.4,3251.32,2154.12,73048.57
30/11/2022,4080.11,18758.35,3853.04,112486.01,7573.05,6738.55,14397.04,27968.99,18597.23,2472.53,3290.49,2174.53,74828
31/10/2022,3871.98,18012.2,3508.7,116037.08,7094.53,6266.77,13253.74,27587.46,14687.02,2293.61,3093.11,2166.61,66671.65
30/09/2022,3585.62,17094.35,3804.89,110036.79,6893.81,5762.34,12114.36,25937.21,17222.83,2155.49,3130.24,1957.31,63726.37
31/08/2022,3955,17759.3,4078.84,109522.88,7284.15,6125.1,12834.96,28091.53,19954.39,2472.05,3221.67,2400.08,67257.14
29/07/2022,4130.29,17158.25,4170.1,103164.69,7423.43,6448.5,13484.05,27801.64,20156.51,2451.5,3211.56,2213.81,68934.01
30/06/2022,3785.38,15780.25,4485.01,98541.95,7169.28,5922.86,12783.77,26393.04,21859.79,2332.64,3102.21,2204.85,66223.31
31/05/2022,4132.15,16584.55,4091.52,111350.51,7607.66,6468.8,14388.35,27279.8,21415.2,2685.9,3232.49,2355.75,72094.87
29/04/2022,4131.93,17102.55,4016.24,107876.16,7544.55,6533.77,14097.88,26847.9,21089.39,2695.05,3356.9,2445.17,72438.25
31/03/2022,4530.41,17464.75,4222.6,119999.23,7515.68,6659.87,14414.75,27821.43,21996.85,2757.65,3408.52,2703.51,75497.15
28/02/2022,4373.94,16793.9,4581.65,113141.94,7458.25,6658.83,14461.02,26526.82,22713.02,2699.18,3242.24,2470.48,76090.51
31/01/2022,4515.55,17339.85,4563.77,112143.51,7464.37,6999.2,15471.2,27001.98,23802.26,2663.34,3249.59,3530.38,74304.56
31/12/2021,4766.18,17354.05,4940.37,104822.44,7384.54,7153.03,15884.86,28791.71,23397.67,2977.65,3123.68,3787.26,73709.39
30/11/2021,4567,16983.2,4832.03,101915.45,7059.45,6721.16,15100.13,27821.76,23475.26,2839.01,3041.29,3890.59,70475.02
29/10/2021,4605.38,17671.65,4908.77,103500.71,7237.57,6830.34,15688.77,28892.69,25377.24,2970.68,3198.17,4150,67464.69
30/09/2021,4307.54,17618.15,4866.38,110979.1,7086.42,6520.01,15260.69,29452.66,24575.64,3068.82,3086.7,4103.52,64281.77
31/08/2021,4522.68,17132.2,4805.61,118781.03,7119.7,6680.18,15835.09,28089.54,25878.99,3199.27,3055.05,3918.96,67427.93
30/07/2021,4395.26,15763.05,4811.17,121800.79,7032.3,6612.76,15544.39,27283.59,25961.03,3202.32,3166.94,3771.58,68970.78
30/06/2021,4297.5,15721.5,5224.04,126801.66,7037.47,6507.83,15531.04,28791.53,28827.95,3296.68,3130.46,3841.85,66248.74
31/05/2021,4204.11,15582.8,5331.57,126215.73,7022.61,6447.17,15421.13,28860.08,29151.8,3203.92,3164.28,3721.63,67964.04
30/04/2021,4181.17,14631.1,5123.49,118893.84,6969.81,6269.48,15135.91,28812.63,28724.88,3147.86,3218.27,3544,66937
31/03/2021,3972.89,14690.7,5048.36,116633.72,6713.63,6067.23,15008.34,29178.8,28378.35,3061.42,3165.34,3541.72,66485.29
26/02/2021,3811.15,14529.15,5336.76,110035.17,6483.43,5703.22,13786.29,28966.01,28980.21,3012.95,2949.04,3346.64,66138.05
29/01/2021,3714.24,13634.6,5351.96,115067.55,6407.46,5399.21,13432.87,27663.39,28283.71,2976.21,2902.52,3277.08,62472.1
31/12/2020,3756.07,13981.75,5211.29,119017.24,6460.52,5551.41,13718.78,27444.17,27231.13,2873.47,2843.81,3289.02,59408.68
30/11/2020,3621.63,12968.95,4960.25,108893.32,6266.19,5518.55,13291.16,26433.62,26341.49,2591.34,2805.95,3107.58,57091.89
30/10/2020,3269.96,11642.4,4695.33,93952.4,5577.27,4594.24,11556.48,22977.13,24107.42,2267.15,2423.84,2690.59,51684.7
30/09/2020,3363,11247.55,4587.4,94603.38,5866.1,4803.44,12760.73,23185.12,23459.05,2327.89,2466.62,2905.81,54264.96
31/08/2020,3500.31,11387.5,4816.22,99369.15,5963.57,4947.22,12945.38,23139.76,25177.05,2326.17,2532.51,2966.2,55476.11
31/07/2020,3271.12,11073.45,4695.05,102912.2,5897.76,4783.69,12313.36,21710,24595.35,2249.37,2529.82,2911.57,55721.8
30/06/2020,3100.29,10302.1,4163.96,95055.82,6169.74,4935.99,12310.93,22288.14,24427.19,2108.33,2589.91,2743.2,54362.36
29/05/2020,3044.31,9580.3,3867.02,87402.59,6076.6,4695.44,11586.85,21877.89,22961.47,2029.6,2510.75,2734.83,50483
30/04/2020,2912.43,9859.9,3912.58,80505.89,5901.21,4572.18,10861.64,20193.69,24643.59,1947.56,2624.23,2650.56,50336.72
31/03/2020,2584.59,8597.75,3686.16,73019.76,5671.96,4396.12,9935.84,18917.01,23603.48,1754.64,2481.23,2508.81,44490.31
28/02/2020,2954.22,11201.75,3940.05,104171.6,6580.61,5309.9,11890.35,21142.96,26129.93,1987.01,3011.08,2785.08,51038.18
31/01/2020,3225.52,11962.1,4003.9,113760.6,7286.01,5806.34,12981.97,23205.18,26312.63,2119.01,3153.73,3076.65,56079.54
31/12/2019,3230.78,12168.45,4096.58,115645.3,7542.44,5978.06,13249.01,23656.62,28189.75,2197.67,3222.83,3045.87,57084.1
29/11/2019,3140.98,12056.05,3828.67,108233.3,7346.53,5905.17,13236.38,23293.91,26346.49,2087.96,3193.92,2935.37,55349.01
31/10/2019,3037.56,11877.45,3886.75,107219.8,7248.38,5729.86,12866.79,22927.04,26906.72,2083.48,3229.88,2893.98,56425.11
30/09/2019,2976.74,11474.45,3814.53,104745.3,7408.21,5677.79,12428.08,21755.84,26092.27,2063.05,3119.99,2747.18,54824.97
30/08/2019,2926.46,11023.25,3799.59,101134.6,7207.18,5480.48,11939.28,20704.37,25724.73,1967.79,3106.52,2740.04,55259.57
31/07/2019,2980.38,11118,3835.36,101812.1,7586.78,5518.9,12189.04,21521.53,27777.75,2024.55,3300.75,2739.5,56784.61
28/06/2019,2941.76,11788.85,3825.59,100967.2,7425.63,5538.97,12398.8,21275.92,28542.62,2130.62,3321.61,2765.85,58203.84
31/05/2019,2752.06,11922.8,3629.79,97030.32,7161.71,5207.63,11726.84,20601.19,26901.09,2041.74,3117.76,2665.33,55650.41
30/04/2019,2945.83,11748.15,3913.21,96353.33,7418.22,5586.41,12344.08,22258.73,29699.11,2203.59,3400.2,2559.32,58528.4
29/03/2019,2834.4,11623.9,3872.34,95414.55,7279.19,5350.53,11526.04,21205.81,29051.36,2140.67,3212.88,2497.1,56462.55
28/02/2019,2784.49,10792.5,3669.37,95584.35,7074.73,5240.53,11515.64,21385.16,28633.18,2195.44,3212.69,2485.27,56002.08
31/01/2019,2704.1,10830.95,3201.63,97393.74,6968.85,4992.72,11173.1,20773.49,27942.47,2204.85,3190.17,2521.1,54156.75
31/12/2018,2506.85,10862.55,3010.65,87887.26,6728.13,4730.69,10558.96,20014.77,25845.7,2041.04,3068.76,2369.33,52736.86
30/11/2018,2760.17,10876.75,3172.69,89504.03,6980.24,5003.92,11257.24,22351.06,26506.75,2096.86,3117.61,2392.5,50663.94
31/10/2018,2711.74,10386.6,3153.82,87423.55,7128.1,5093.44,11447.51,21920.46,24979.69,2029.69,3018.8,2352.71,52388.87
28/09/2018,2913.98,10930.45,3438.87,79342.42,7510.2,5493.49,12246.73,24120.04,27788.52,2343.07,3257.05,2475.36,55708.47
31/08/2018,2901.52,11680.5,3334.5,76677.53,7432.42,5406.85,12364.06,22865.15,27888.55,2322.88,3213.48,2345.85,58668.48
31/07/2018,2816.29,11356.5,3517.66,79220.43,7748.76,5511.3,12805.5,22553.72,28583.01,2295.26,3319.85,2321.11,57432.46
29/06/2018,2718.37,10714.3,3510.99,72762.51,7636.93,5323.53,12306,22304.51,28955.11,2326.13,3268.7,2295.95,57610.98
31/05/2018,2705.27,10736.15,3802.38,76753.62,7678.2,5398.4,12604.89,22201.82,30468.56,2423.01,3428.18,2302.88,56157.89
30/04/2018,2648.05,10739.35,3756.88,86115.5,7509.3,5520.5,12612.11,22467.87,30808.45,2515.38,3613.93,2307.02,58236.13
30/03/2018,2640.87,10113.7,3898.5,85365.56,7056.61,5167.3,12096.73,21454.3,30093.38,2445.85,3427.97,2270.98,55474.52
28/02/2018,2713.83,10492.85,4023.64,85353.59,7231.91,5320.49,12435.85,22068.24,30844.72,2427.36,3517.94,2296.8,58325.09
31/01/2018,2823.81,11027.7,4275.9,84912.7,7533.55,5481.93,13189.48,23098.29,32887.27,2566.46,3533.99,2289.99,59506.12
29/12/2017,2673.61,10530.7,4030.86,76402.08,7687.77,5312.56,12917.64,22764.94,29919.15,2467.49,3402.92,2109.74,59504.67
30/11/2017,2647.58,10226.55,4006.1,71970.99,7326.67,5372.79,13023.98,22724.96,29177.35,2476.37,3433.54,2100.62,59772.83
31/10/2017,2575.26,10335.3,4006.72,74308.49,7493.08,5503.29,13229.57,22011.61,28245.54,2523.43,3374.08,2064.31,58980.11
29/09/2017,2519.36,9788.6,3836.5,74293.51,7372.76,5329.81,12828.86,20356.28,27554.3,2394.47,3219.91,2077.19,55579.92
31/08/2017,2471.65,9917.9,3822.09,70835.05,7430.62,5085.59,12055.84,19646.24,27970.3,2363.19,3277.26,2022.22,56522.11
31/07/2017,2470.3,10077.1,3737.87,65920.36,7372,5093.77,12118.25,19925.18,27323.99,2402.71,3329.52,1919.53,55207.41
30/06/2017,2423.41,9520.9,3666.8,62899.97,7312.72,5120.68,12325.12,20033.43,25764.58,2391.79,3226.48,1879.5,51611.01
31/05/2017,2411.8,9621.25,3492.88,62711.47,7519.95,5283.63,12615.06,19650.57,25660.65,2347.38,3210.82,1900.38,53562.57
28/04/2017,2384.2,9304.05,3439.75,65403.25,7203.94,5267.33,12438.01,19196.74,24615.13,2205.44,3175.44,2016.71,53817.31
31/03/2017,2362.72,9173.75,3456.05,64984.07,7322.92,5122.51,12312.87,18909.26,24111.59,2160.23,3175.11,1995.9,52056.06
28/02/2017,2363.64,8879.6,3452.81,66662.1,7263.44,4858.58,11834.41,19118.99,23740.73,2091.64,3096.61,2035.77,51146.05
31/01/2017,2278.87,8561.3,3387.96,64670.78,7099.15,4748.9,11535.31,19041.34,23360.78,2067.57,3046.8,2217.39,52788.12
30/12/2016,2238.83,8185.8,3310.08,60227.28,7142.83,4862.31,11481.06,19114.37,22000.56,2026.46,2880.76,2232.72,50653.54
30/11/2016,2198.81,8224.5,3538,61906.36,6783.79,4578.34,10640.3,18308.48,22789.77,1983.48,2905.17,2104.91,50209.43
31/10/2016,2126.15,8625.7,3336.28,64924.52,6954.22,4509.26,10665.01,17425.02,22934.54,2008.19,2813.87,1989.64,50590.08
30/09/2016,2168.27,8611.15,3253.28,58367.05,6899.33,4448.26,10511.02,16449.84,23297.15,2043.63,2869.47,1978,51949.83
31/08/2016,2170.95,8786.2,3327.79,57901.11,6781.51,4438.22,10592.69,16887.4,22976.88,2034.65,2820.59,1971.59,52733.12
29/07/2016,2173.6,8638.5,3203.93,57308.21,6724.43,4439.81,10337.5,16569.27,21891.37,2016.19,2868.69,1944.62,52797.58
30/06/2016,2098.86,8287.75,3153.92,51526.93,6504.33,4237.48,9680.09,15575.92,20794.37,1970.35,2840.93,1891.09,52217.72
31/05/2016,2096.96,8160.1,3169.56,48471.71,6230.79,4505.62,10262.74,17234.98,20815.09,1983.4,2791.06,1899.01,53905.21
29/04/2016,2065.3,7849.8,3156.75,53910.51,6241.89,4428.96,10038.97,16666.05,21067.05,1994.15,2838.52,1953.05,52957.32
31/03/2016,2059.74,7738.4,3218.09,50055.27,6174.9,4385.06,9965.51,16758.67,20776.7,1995.85,2840.9,1871.15,52250.28
29/02/2016,1932.23,6987.05,2877.47,42793.86,6097.09,4353.55,9495.4,16026.76,19111.93,1916.66,2666.51,1840.17,49415.31
29/01/2016,1940.24,7563.55,2946.09,40405.99,6083.79,4417.02,9798.11,17518.3,19683.11,1912.06,2629.11,1784.92,49141.94
31/12/2015,2043.94,7946.35,3731,43349.96,6242.32,4637.06,10743.01,19033.71,21914.4,1961.31,2882.73,1761.36,50693.76
30/11/2015,2080.41,7935.25,3566.41,45120.36,6356.09,4957.6,11382.23,19747.47,21996.42,1991.97,2855.94,1771.05,51607.83
30/10/2015,2079.36,8065.8,3534.08,45868.82,6361.09,4897.66,10850.14,19083.1,22640.04,2029.47,2998.35,1711.53,53793.74
30/09/2015,1920.03,7948.9,3202.95,45059.34,6061.61,4455.29,9660.44,17388.15,20846.3,1962.81,2790.89,1642.97,50088.86
31/08/2015,1972.18,7971.3,3366.54,46625.52,6247.94,4652.95,10259.46,18890.48,21670.58,1941.49,2921.44,1733.17,49972.33
31/07/2015,2103.84,8532.85,3816.7,50864.77,6696.28,5082.61,11308.99,20585.24,24636.28,2030.16,3202.5,1669,52053.27
30/06/2015,2063.11,8368.5,4473,53080.88,6520.98,4790.2,10944.97,20235.73,26250.03,2074.2,3317.33,1654.55,51806.95
29/05/2015,2107.39,8433.65,4840.83,52760.48,6984.43,5007.89,11413.82,20563.15,27424.19,2114.8,3392.11,1609.19,52270.86
30/04/2015,2085.51,8181.5,4749.89,56229.38,6960.63,5046.49,11454.38,19520.01,28133,2127.17,3487.39,1688.34,54440.43
31/03/2015,2067.89,8491,4051.2,51150.16,6773.04,5033.64,11966.17,19206.99,24900.89,2041.03,3447.01,1626.18,52181.95
27/02/2015,2104.5,8901.85,3572.84,51583.09,6946.66,4951.48,11401.66,18797.94,24823.29,1985.8,3402.86,1758.97,53344.2
30/01/2015,1994.99,8808.9,3434.39,46907.68,6749.4,4604.25,10694.32,17674.39,24507.05,1949.26,3391.2,1647.69,51266.81
31/12/2014,2058.9,8282.7,3533.71,50007.41,6566.09,4272.75,9805.55,17450.77,23605.04,1915.59,3365.15,1396.61,49770.6
28/11/2014,2067.56,8588.25,2808.82,54724,6722.62,4390.18,9980.85,17459.85,23987.45,1980.78,3350.5,1533.68,49911.37
31/10/2014,2018.05,8322.2,2508.32,54628.6,6546.47,4233.09,9326.87,16413.76,23998.06,1964.43,3274.25,1488.47,49722.88
30/09/2014,1972.29,7964.8,2450.99,54115.98,6622.72,4416.24,9474.3,16173.52,22932.98,2020.09,3276.74,1411.07,49336.31
29/08/2014,2003.37,7954.35,2338.29,61288.15,6819.75,4381.04,9470.17,15424.59,24742.06,2068.54,3327.09,1400.71,50959.02
31/07/2014,1930.67,7721.3,2350.25,55829.41,6730.11,4246.14,9407.48,15620.77,24756.85,2076.12,3374.06,1379.61,51396.07
30/06/2014,1960.23,7611.35,2165.12,53168.22,6743.94,4422.84,9833.07,15162.1,23190.72,2002.21,3255.67,1476.38,50945.26
30/05/2014,1923.57,7229.95,2156.46,51239.34,6844.51,4519.57,9943.27,14632.38,23081.65,1994.96,3295.85,1432.03,49632.7
30/04/2014,1883.95,6696.4,2158.66,51626.69,6780.03,4487.39,9603.23,14304.11,22133.97,1961.79,3264.71,1306.01,48870.1
31/03/2014,1872.34,6704.2,2146.3,50414.92,6598.37,4391.5,9555.91,14827.83,22151.06,1985.61,3188.62,1369.29,47770.92
28/02/2014,1859.45,6276.95,2178.97,47094.4,6809.7,4408.08,9692.08,14841.07,22836.96,1979.99,3110.78,1444.71,47328.92
31/01/2014,1782.59,6089.5,2202.45,47638.99,6510.44,4165.72,9306.48,14914.53,22035.42,1941.15,3027.22,1454.45,45132.1
31/12/2013,1848.36,6304,2330.03,51507.16,6749.09,4295.95,9552.16,16291.31,23306.39,2011.34,3167.43,1504.08,46256.23
29/11/2013,1805.81,6176.1,2438.94,52482.49,6650.57,4295.21,9405.3,15661.87,23881.29,2044.87,3176.35,1479.35,44975.67
31/10/2013,1756.54,6299.15,2373.72,54256.2,6731.43,4299.89,9033.92,14327.94,23206.37,2030.09,3210.67,1510.21,45517.56
30/09/2013,1681.55,5735.3,2409.04,52338.19,6462.22,4143.44,8594.4,14455.8,22859.86,1996.96,3167.87,1462.82,44031.83
30/08/2013,1632.97,5471.8,2313.91,50011.75,6412.93,3933.78,8103.15,13388.86,21731.37,1926.36,3028.94,1364.65,42228.34
31/07/2013,1685.73,5742,2193.02,48234.49,6621.06,3992.69,8275.97,13668.32,21883.66,1914.03,3221.93,1375.79,41292.84
28/06/2013,1606.28,5842.2,2200.64,47457.13,6215.47,3738.91,7959.22,13677.32,20803.29,1863.32,3150.44,1330.46,39578.1
31/05/2013,1630.74,5985.95,2606.43,53506.08,6583.09,3948.59,8348.84,13774.54,22392.16,2001.05,3311.37,1350.17,42016.45
30/04/2013,1597.57,5930.2,2447.31,55910.37,6430.12,3856.75,7913.71,13860.86,22737.01,1963.95,3368.18,1385.88,38735
29/03/2013,1569.19,5682.55,2495.08,56352.09,6411.74,3731.42,7795.31,12397.91,22299.63,2004.89,3308.1,1438.57,39860.84
28/02/2013,1514.68,5693.05,2673.33,57424.29,6360.81,3723,7741.7,11559.36,23020.27,2026.49,3269.95,1486.04,39709.56
31/01/2013,1498.11,6034.75,2686.88,59761.49,6276.88,3732.6,7776.05,11138.66,23729.53,1961.94,3282.66,1546.76,40482.92
31/12/2012,1426.19,5905.1,2522.95,60952.08,5897.81,3641.07,7612.39,10395.18,22656.92,1997.05,3167.08,1474.72,39250.24
30/11/2012,1416.18,5879.85,2139.66,57474.57,5866.82,3557.28,7405.5,9446.01,22030.39,1932.9,3069.95,1405.97,38104.61
31/10/2012,1412.16,5619.7,2254.82,57068.18,5782.7,3429.27,7260.63,8928.29,21641.82,1912.06,3038.37,1425.7,37156.28
28/09/2012,1440.67,5703.3,2293.11,59175.86,5742.07,3354.82,7216.15,8870.16,20840.38,1996.21,3060.34,1458.26,35757.98
31/08/2012,1406.58,5258.5,2204.87,57061.45,5711.48,3413.07,6970.79,8839.91,19482.57,1905.12,3025.46,1422.91,35389.45
31/07/2012,1379.32,5229,2332.92,56097.05,5635.28,3291.66,6772.26,8695.06,19796.81,1881.99,3036.4,1407.02,34596.9
29/06/2012,1362.16,5278.9,2461.61,54354.63,5571.15,3196.65,6416.28,9006.78,19441.46,1854.01,2878.45,1387.52,33708.31
31/05/2012,1310.33,4924.25,2632.04,54490.41,5320.86,3017.01,6264.38,8542.73,18629.52,1843.47,2772.54,1305.84,33142.61
30/04/2012,1397.91,5248.15,2626.16,61820.26,5737.78,3212.8,6761.19,9520.89,21094.21,1981.99,2978.57,1473.5,34399.04
30/03/2012,1408.47,5295.55,2454.9,64510.97,5768.45,3423.81,6946.83,10083.56,20555.58,2014.04,3010.46,1517.34,33554.21
29/02/2012,1365.68,5385.2,2634.14,65811.73,5871.51,3452.45,6856.08,9723.24,21680.08,2030.25,2994.06,1597.67,34296
31/01/2012,1312.41,5199.25,2464.26,63072.31,5681.61,3298.55,6458.91,8802.51,20390.49,1955.79,2906.69,1514.03,33792.48
30/12/2011,1257.61,4624.3,2345.74,56754.08,5572.28,3159.81,5898.35,8455.35,18434.39,1825.74,2646.35,1402.23,31985.67
30/11/2011,1246.96,4832.05,2521.52,56874.98,5505.42,3154.62,6088.84,8434.61,17989.35,1847.51,2702.46,1499.62,32812.64
31/10/2011,1253.3,5326.6,2695.31,58338.39,5544.22,3242.84,6141.34,8988.39,19864.87,1909.03,2855.77,1498.6,32348.54
30/09/2011,1131.42,4943.25,2581.35,52324.42,5128.48,2981.96,5502.02,8700.29,17592.41,1769.65,2675.16,1366.54,29674.2
31/08/2011,1218.89,5001,2846.78,56495.12,5394.53,3256.76,5784.85,8955.2,20534.85,1880.11,2885.26,1546.05,31005.5
29/07/2011,1292.28,5482,2972.08,58823.45,5815.19,3671.28,7158.77,9833.03,22440.25,2133.21,3189.26,1705.18,31208.04
30/06/2011,1320.64,5647.4,3044.09,62403.64,5945.71,3982.21,7376.24,9816.09,22398.1,2100.69,3120.44,1666.59,31864.54
31/05/2011,1345.2,5560.15,3001.56,64620.08,5989.99,4006.94,7293.69,9693.73,23684.13,2142.47,3159.93,1666.3,32565.73
29/04/2011,1363.61,5749.5,3192.72,66132.86,6069.9,4106.92,7514.46,9849.74,23720.81,2192.36,3179.86,1741.84,32836.23
31/03/2011,1325.83,5833.75,3223.29,68586.7,5908.76,3989.18,7041.31,9755.1,23527.52,2106.7,3105.85,1813.59,32204.06
28/02/2011,1327.22,5333.25,3239.56,67383.22,5994.01,4110.35,7272.32,10624.09,23338.02,1939.3,3010.51,1777.84,32272.09
31/01/2011,1286.12,5505.9,3076.51,66574.88,5862.94,4005.5,7077.48,10237.92,23447.34,2069.73,3179.72,1723.42,31398.75
31/12/2010,1257.64,6134.5,3128.26,69304.81,5899.94,3804.78,6914.19,10228.92,23035.45,2051,3190.04,1687.99,32118.89
30/11/2010,1180.55,5862.7,3136.99,67705.4,5528.27,3610.44,6688.49,9937.04,23007.99,1904.63,3144.7,1565.52,30266.4
29/10/2010,1183.26,6017.7,3379.98,70673.3,5675.16,3833.5,6601.37,9202.45,23096.32,1882.95,3142.62,1523.39,30430.9
30/09/2010,1141.2,6029.95,2935.57,69429.78,5548.62,3715.18,6229.02,9369.35,22358.17,1872.81,3097.63,1440.3,29456.04
31/08/2010,1049.33,5402.4,2903.19,65145.45,5225.22,3490.79,5925.22,8824.06,20536.49,1742.75,2950.33,1368.9,27253.87
30/07/2010,1101.6,5367.6,2868.85,67515.4,5258.02,3643.14,6147.97,9537.3,21029.81,1759.33,2987.7,1397.12,28355.21
30/06/2010,1030.71,5312.5,2563.07,60935.9,4916.87,3442.89,5965.52,9382.64,20128.99,1698.29,2835.51,1309.31,26258.82
31/05/2010,1089.41,5086.3,2773.26,63046.51,5188.43,3507.56,5964.33,9768.7,19765.19,1641.25,2752.6,1332.62,27145.36
30/04/2010,1186.69,5278,3067.37,67529.73,5553.29,3816.99,6135.7,11057.4,21108.59,1741.56,2974.61,1436.04,28635.76
31/03/2010,1169.43,5249.1,3345.61,70371.54,5679.64,3974.01,6153.55,11089.94,21239.35,1692.85,2887.46,1450.15,28747.56
26/02/2010,1104.49,4922.3,3281.67,66503.27,5354.52,3708.8,5598.46,10126.03,20608.7,1594.58,2750.86,1332.64,26764.61
29/01/2010,1073.87,4882.05,3204.16,65401.77,5188.52,3739.46,5608.79,10198.04,20121.99,1602.43,2745.35,1419.42,26675.95
31/12/2009,1115.1,5201.05,3575.68,68588.41,5412.88,3936.33,5957.43,10546.44,21872.5,1682.77,2897.62,1370.01,27666.45
30/11/2009,1095.63,5032.7,3511.67,67044.44,5190.68,3680.15,5625.95,9345.55,21821.5,1555.6,2732.12,1284.95,26894.74
30/10/2009,1036.2,4711.7,3280.37,61545.5,5044.55,3607.69,5414.96,10034.74,21752.87,1580.69,2651.13,1237.18,26360.55
30/09/2009,1057.08,5083.95,3004.81,61517.89,5133.9,3795.41,5675.16,10133.23,20955.25,1673.14,2672.57,1197.2,24910.85
31/08/2009,1020.63,4662.1,2830.27,56488.98,4908.9,3653.54,5464.61,10492.53,19724.19,1591.85,2592.9,1091.98,24929.42
31/07/2009,987.48,4636.45,3734.62,54765.72,4608.36,3426.27,5332.14,10356.83,20573.33,1557.29,2659.2,1053.3,24258.51
30/06/2009,919.32,4291.1,3166.47,51465.46,4249.21,3140.44,4808.64,9958.44,18378.73,1390.07,2333.14,971.55,22049.42
29/05/2009,919.14,4448.95,2759.71,53197.73,4417.94,3277.65,4940.82,9522.5,18171,1395.89,2329.08,1123.38,22770.62
30/04/2009,872.81,3473.95,2622.93,47289.53,4243.71,3159.85,4769.45,8828.26,15520.99,1369.36,1920.28,920.35,20647.03
31/03/2009,797.87,3020.95,2507.79,40925.87,3926.14,2807.34,4084.76,8109.53,13576.02,1206.26,1699.99,772.93,20363.91
27/02/2009,735.09,2763.65,2140.49,38183.31,3830.09,2702.48,3843.74,7568.42,12811.57,1063.03,1594.87,666.05,18465.33
30/01/2009,825.88,2874.8,2032.68,39300.79,4149.64,2973.92,4338.35,7994.05,13278.21,1162.11,1746.47,624.9,20570.05
31/12/2008,903.25,2959.15,1817.72,37550.31,4434.17,3217.97,4810.2,8859.56,14387.48,1124.47,1761.56,619.53,21509.2
28/11/2008,896.24,2755.1,1829.92,36595.87,4288.01,3262.68,4669.44,8512.27,13888.24,1076.07,1732.57,611.32,21209.49
31/10/2008,968.75,2885.6,1663.66,37256.84,4377.34,3487.07,4987.97,8576.98,13968.67,1113.06,1794.2,731.96,20991.72
30/09/2008,1166.36,3921.2,2243.66,49541.27,4902.45,4032.1,5831.02,11259.86,18016.21,1448.06,2358.91,1027.66,23835.97
29/08/2008,1282.83,4360,2391.64,55680.41,5636.6,4482.6,6422.3,13072.87,21261.89,1474.24,2739.95,1348.92,27702.06
31/07/2008,1267.38,4332.95,2805.21,59505.17,5411.9,4392.36,6479.56,13376.81,22731.1,1594.67,2929.65,1495.33,27719.67
30/06/2008,1280,4040.55,2791.82,65017.58,5625.9,4434.85,6418.32,13481.38,22102.01,1674.92,2947.54,1753.67,30413.43
30/05/2008,1400.38,4870.1,3611.33,72592.5,6053.5,5014.28,7096.79,14338.54,24533.12,1852.02,3192.62,1925.24,31841.27
30/04/2008,1385.59,5165.9,3959.12,67868.46,6087.3,4996.54,6948.82,13849.99,25755.35,1825.47,3147.79,1667.35,30743.49
31/03/2008,1322.7,4734.5,3790.53,60968.07,5702.1,4707.07,6534.97,12525.54,22849.2,1703.99,3007.36,1628.43,29587.51
29/02/2008,1330.63,5223.5,4674.55,63489.3,5884.3,4790.66,6748.13,13603.02,24331.67,1711.62,3026.45,1660.42,30673.74
31/01/2008,1378.55,5137.45,4620.4,59490.4,5879.8,4869.79,6851.75,13592.47,23455.74,1624.68,2981.75,1574.33,27317.14
31/12/2007,1468.36,6138.6,5338.28,63886.1,6456.9,5614.08,8067.32,15307.78,27812.65,1897.13,3465.63,1888.86,28957.97
30/11/2007,1481.14,5762.75,4737.41,63006.16,6432.5,5670.57,7870.52,15680.67,28643.61,1906,3496.4,1850.64,30307.8
31/10/2007,1549.38,5900.65,5688.54,65317.7,6721.6,5847.95,8019.22,16737.63,31352.58,2064.85,3763.57,1874.73,31334.99
28/09/2007,1526.75,5021.35,5580.81,60465.06,6466.8,5715.69,7861.51,16785.69,27142.47,1946.48,3645.41,1759.44,29959.19
31/08/2007,1473.99,4464,5296.81,54637.24,6303.3,5662.7,7638.17,16569.09,23984.14,1873.24,3328.43,1677.02,28660.35
31/07/2007,1455.28,4528.85,4460.56,54182.5,6360.1,5751.08,7584.14,17248.89,23184.94,1933.27,3481.02,1734.42,28561.81
29/06/2007,1503.35,4318.3,3764.08,54392.06,6607.9,6054.93,8007.32,18138.36,21772.73,1743.6,3475.89,1665.96,28337.22
31/05/2007,1530.62,4295.8,3927.95,52268.46,6621.4,6104,7883.04,17875.75,20634.47,1700.91,3441.3,1570.34,28627.79
30/04/2007,1482.37,4087.9,3558.71,48956.39,6449.2,5960.04,7408.87,17400.41,20318.98,1542.24,3285.74,1697.28,28170.6
30/03/2007,1420.86,3821.55,2781.78,45804.66,6308,5634.16,6917.03,17287.65,19800.93,1452.55,3160.93,1698.08,27267.24
28/02/2007,1406.82,3745.3,2544.57,43892.31,6171.5,5516.32,6715.44,17604.12,19651.51,1417.34,3034.42,1655.25,25795.99
31/01/2007,1438.24,4082.7,2385.34,44641.6,6203.1,5608.31,6789.11,17383.42,20106.42,1360.23,3044.22,1656.94,25447.73
29/12/2006,1418.3,3966.4,2041.05,44473.71,6220.8,5541.76,6596.92,17225.83,19964.72,1434.46,2918.63,1693.47,24915.2
30/11/2006,1400.63,3954.5,1714.36,41931.84,6048.8,5327.64,6309.19,16274.33,18960.48,1432.21,2769.39,1550.58,23949.95
31/10/2006,1377.94,3744.1,1464.47,39262.79,6129.2,5348.73,6268.92,16399.39,18324.35,1364.55,2646.35,1426.86,23338.16
29/09/2006,1335.85,3588.4,1403.27,36449.4,5960.8,5250.01,6004.33,16127.58,17543.05,1371.41,2523.04,1367.24,22374.58
31/08/2006,1303.82,3413.9,1338.69,36232.22,5906.1,5165.04,5859.57,16140.76,17392.27,1352.74,2452.51,1448.72,21953.8
31/07/2006,1276.66,3143.2,1294.33,37077.12,5928.3,5009.42,5681.97,15456.81,16971.34,1297.82,2401.78,1380.24,20885.57
30/06/2006,1270.2,3128.2,1393.96,36630.66,5833.4,4965.96,5683.31,15505.18,16267.62,1295.15,2398.37,1331.39,21237.87
31/05/2006,1270.09,3071.05,1365.45,36530.04,5723.8,4930.18,5692.86,15467.33,15857.89,1317.7,2338.05,1281.5,20565.46
28/04/2006,1310.61,3557.6,1172.35,40363.42,6023.1,5188.4,6009.89,16906.23,16661.3,1419.73,2548.35,1486.85,21135.51
31/03/2006,1294.83,3402.55,1061.09,37951.97,5964.6,5220.85,5970.08,17059.66,15805.04,1359.6,2465.83,1299.19,20351.74
28/02/2006,1280.66,3074.7,1053.01,38610.39,5791.5,5000.45,5796.04,16205.43,15918.48,1371.59,2416.92,1320.83,19085.35
31/01/2006,1280.09,3001.1,1009.6,38382.8,5760.3,4947.99,5674.15,16649.82,15753.14,1399.83,2348.89,1171.44,19745.16
30/12/2005,1248.29,2836.55,923.45,33455.94,5618.8,4715.23,5408.26,16111.43,14876.43,1379.37,2280.77,1011,18096.54
30/11/2005,1249.48,2652.25,873.83,31916.76,5423.2,4567.41,5193.4,14872.15,14937.14,1297.44,2224.59,944.55,16774.54
31/10/2005,1207.01,2370.95,876.28,30193.51,5317.3,4436.45,4929.07,13606.5,14386.37,1158.11,2143.37,842.52,16433.1
30/09/2005,1228.81,2601.4,917.39,31583.79,5477.7,4600.02,5044.12,13574.3,15428.52,1221.01,2226.77,892.5,16875.65
31/08/2005,1220.33,2384.65,927.92,28044.83,5296.9,4399.36,4829.69,12413.6,14903.55,1083.33,2220.25,784.28,15414.01
29/07/2005,1234.18,2312.3,888.16,26042.36,5282.3,4451.74,4886.5,11899.6,14880.98,1111.29,2288.43,700.65,15143.64
30/06/2005,1191.33,2220.6,878.69,25051.21,5113.2,4229.35,4586.28,11584.01,14201.06,1008.16,2161.29,639.98,14154.73
31/05/2005,1191.5,2087.55,855.95,25207.07,4964,4120.73,4460.63,11276.59,13867.07,970.21,2081.82,603.89,13787.02
29/04/2005,1156.85,1902.5,932.4,24843.7,4801.7,3911.71,4184.84,11008.9,13908.97,911.3,2043.91,593.88,12555.96
31/03/2005,1180.59,2035.65,942.2,26610.65,4894.4,4067.78,4348.77,11668.95,13516.88,965.68,2056.57,598.04,13298.58
28/02/2005,1203.6,2103.25,1039.99,28139.13,4968.5,4027.16,4350.49,11740.6,14195.35,1011.36,2033.93,635.38,13476.59
31/01/2005,1181.27,2057.6,954.88,24350.62,4852.3,3913.69,4254.85,11387.59,13721.69,932.7,2018.02,575.74,12798.55
31/12/2004,1211.92,2080.5,1000,26196.25,4814.3,3821.16,4256.08,11488.76,14230.14,895.92,1999.9,552.22,12656.86
30/11/2004,1173.82,1958.8,1062.81,25128.33,4703.2,3753.75,4126,10899.25,14060.05,878.06,1943.65,570.76,12490.79
29/10/2004,1130.2,1786.9,1050.3,23052.18,4624.2,3706.82,3960.25,10771.42,13054.66,834.84,1903.65,632.97,11655.31
30/09/2004,1114.58,1745.5,1109.32,23245.24,4570.8,3640.61,3892.9,10823.57,13120.03,835.09,1908.56,611.03,11761
31/08/2004,1104.24,1631.75,1055.97,22803.19,4459.3,3594.28,3785.21,11081.79,12850.28,803.57,1847.58,549.28,11160.44
30/07/2004,1101.72,1632.3,1088.68,22336.87,4413.1,3647.1,3895.61,11325.78,12238.03,735.34,1834.49,502.81,10305.89
30/06/2004,1140.84,1505.6,1078.48,21148.91,4464.1,3732.99,4052.73,11858.87,12285.75,785.79,1786.41,534.84,10108.61
31/05/2004,1120.68,1483.6,1206.84,19544.67,4430.7,3669.63,3921.41,11236.37,12198.24,803.84,1740.26,535.4,10413.81
30/04/2004,1107.31,1796.1,1239.72,19607.23,4489.7,3674.28,3985.21,11761.79,11942.96,862.84,1794.17,561.78,10385.8
31/03/2004,1126.21,1771.9,1384.95,22142.26,4385.7,3625.23,3856.7,11715.39,12681.67,880.5,1807.96,644.64,10692.56
27/02/2004,1144.94,1800.3,1351.61,21755.02,4492.2,3725.44,4018.16,11041.92,13907.03,883.42,1848.66,591.09,10895.86
30/01/2004,1131.13,1809.75,1281.33,21851.44,4390.7,3638.44,4058.6,10783.61,13289.37,848.5,1813.24,551.72,10849.25
31/12/2003,1111.92,1879.75,1194.74,22236.39,4476.9,3557.9,3965.16,10676.64,12575.94,810.71,1730.38,514.71,10387.22
28/11/2003,1058.2,1615.25,1142.97,20183.97,4342.6,3424.79,3745.95,10100.57,12317.47,796.18,1681.97,484.73,9729.6
31/10/2003,1050.71,1555.9,1111.62,17982.49,4287.6,3373.2,3655.99,10559.59,12190.1,782.36,1706.95,468.85,9765.3
30/09/2003,995.97,1417.1,1127.14,16010.67,4091.3,3134.99,3256.78,10219.05,11229.87,697.52,1606.03,515.15,8925.69
29/08/2003,1008.01,1356.55,1178.57,15174.49,4161.1,3311.42,3484.58,10343.55,10908.99,759.47,1583.07,484,9226.2
31/07/2003,990.31,1185.85,1222.74,13571.73,4157,3210.27,3487.86,9563.21,10134.83,713.52,1533.69,430.3,8809.63
30/06/2003,974.5,1134.15,1214.55,12972.58,4031.2,3084.1,3220.58,9083.11,9577.12,669.93,1425.24,455.44,8352.2
30/05/2003,963.59,1006.8,1300.87,13421.6,4048.1,2991.75,2982.68,8424.51,9487.38,633.42,1324.56,421.08,8564.33
30/04/2003,916.92,934.05,1239.95,12556.7,3926,2953.67,2942.04,7831.42,8717.22,599.35,1251.6,369.77,7510.4
31/03/2003,848.18,978.2,1215.17,11273.63,3613.3,2618.46,2423.87,7972.71,8634.45,535.7,1235.25,325.56,7679.88
28/02/2003,841.15,1063.4,1213.86,10280.61,3655.6,2754.07,2547.05,8363.04,9122.66,575.43,1236.36,341.52,8402.09
31/01/2003,855.7,1041.85,1207.6,10941.09,3567.4,2937.88,2747.83,8339.94,9258.95,591.86,1253.98,307.78,8798.35
31/12/2002,879.82,1093.5,1103.64,11268.47,3940.4,3063.91,2892.63,8578.95,9321.29,627.55,1302.85,318.91,9277.22
29/11/2002,936.31,1050.15,1164.62,10508.81,4169.4,3326.65,3320.32,9215.56,10069.87,724.8,1363.61,321.41,9563.74
31/10/2002,885.76,951.4,1225.34,10167.71,4039.7,3150.04,3152.85,8640.48,9441.25,658.92,1434.92,311.39,9376.23
30/09/2002,815.28,963.15,1285.65,8622.54,3721.8,2777.45,2769.03,9383.29,9072.21,646.42,1319.73,289.96,9465.33
30/08/2002,916.07,1010.6,1361.3,10382.2,4227.3,3366.21,3712.94,9619.3,10043.87,736.4,1471.32,292.23,9677.26
31/07/2002,911.62,958.9,1358.16,9762.59,4246.2,3415.38,3700.14,9877.94,10267.36,717.99,1500.56,281.8,9239.02
28/06/2002,989.81,1057.8,1431.18,11139.16,4656.4,3897.99,4382.56,10621.84,10598.55,742.72,1542.2,304.18,10657.73
31/05/2002,1067.14,1028.8,1238.58,12861.43,5085.1,4274.64,4818.3,11763.7,11301.94,796.4,1669.29,333.61,11185.02
30/04/2002,1076.92,1084.5,1353.61,13085.12,5165.6,4462.74,5041.2,11492.54,11497.58,842.34,1729.9,342.17,10992.12
29/03/2002,1147.39,1129.55,1313.47,13254.55,5271.8,4688.02,5397.29,11024.94,11032.92,895.58,1821.21,302.96,10999.48
28/02/2002,1106.73,1142.05,1244.6,14033.29,5101,4462.99,5039.08,10587.83,10482.55,819.99,1723.43,262.65,10859.72
31/01/2002,1130.21,1080.45,1221.76,12721.45,5164.8,4461.87,5107.61,9997.8,10725.3,748.07,1802.61,260.77,10318.92
31/12/2001,1148.08,1059.05,,13577.57,5217.4,4624.58,5160.1,10542.62,11397.21,693.7,1634.44,236.24,10441.68
30/11/2001,1139.45,1067.15,,12931.71,5203.6,4476.06,4989.91,10697.44,11279.25,643.89,1471.84,213.32,9404.06
31/10/2001,1059.78,971.9,,11364.71,5039.7,4341.29,4559.13,10366.34,10073.97,537.81,1361.86,187.41,8473.52
28/09/2001,1040.94,913.85,,10635.74,4903.4,4079.02,4308.15,9774.68,9950.7,479.68,1313.78,167.33,7997.87
31/08/2001,1133.58,1053.75,,12840.6,5345,4689.34,5188.17,10713.51,11090.48,545.11,1583.11,193.72,8886.72
31/07/2001,1211.23,1072.85,,13754.16,5529.1,5085.51,5861.19,11860.77,12316.69,541.55,1606.98,200.64,8456.01
29/06/2001,1224.42,1107.9,,14559.79,5642.5,5225.33,6058.38,12969.05,13042.53,595.13,1670.5,219.4,9089.89
31/05/2001,1255.82,1167.9,,14649.98,5796.1,5454.19,6123.26,13262.14,13174.41,612.16,1627.63,207.71,9270.9
30/04/2001,1249.46,1125.25,,14917.54,5966.9,5640.03,6264.51,13934.32,13386.04,577.36,1707.42,178.29,8902.39
30/03/2001,1160.33,1148.2,,14438.45,5633.7,5180.45,5829.95,12999.7,12760.64,523.22,1692.58,166.67,8093.84
28/02/2001,1239.94,1351.4,,15891.41,5917.9,5367.48,6208.24,12883.54,14787.87,578.1,1990.57,158.1,8916.34
31/01/2001,1366.01,1371.7,,17672.77,6297.5,5998.49,6795.14,13843.55,16102.35,617.91,2036.49,167.74,8942.43
29/12/2000,1320.28,1263.55,,15259.29,6222.5,5926.42,6433.61,13785.69,15095.53,504.62,1976.65,144.39,8164.34
30/11/2000,1314.95,1268.15,,13287.39,6142.2,5928.08,6372.33,14648.51,13984.39,509.23,2010.8,149.84,7711.55
31/10/2000,1429.4,1172.75,,14867.23,6438.4,6397.66,7077.44,14539.6,14895.34,514.48,2036.52,192.22,8039.58
29/09/2000,1436.51,1271.65,,15928.39,6294.2,6266.63,6798.12,15747.26,15648.98,613.22,2021.75,204.61,8161.88
31/08/2000,1517.68,1394.1,,17346.7,6672.7,6625.42,7216.45,16861.26,17097.51,688.62,2164.92,239.03,8377.15
31/07/2000,1430.83,1332.85,,16454.6,6365.3,6542.49,7190.37,15727.49,16840.98,705.97,2077.3,200.22,7635.83
30/06/2000,1454.6,1471.45,,16727.95,6312.7,6446.54,6898.21,17411.05,16155.78,821.22,2088.85,194.93,7584.45
31/05/2000,1420.6,1380.45,,14956.61,6359.3,6426.26,7109.67,16332.45,14713.86,731.88,1865.31,217.05,7191.36
28/04/2000,1452.43,1406.55,,15537.6,6327.4,6419.72,7414.68,17973.7,15519.3,725.39,2176.63,242.85,7270.86
31/03/2000,1498.58,1528.45,,17820.37,6540.2,6286.05,7599.39,20337.32,17406.54,860.94,2150.24,254.68,7791.6
29/02/2000,1366.42,1654.8,,17660.2,6232.6,6190.96,7644.55,19959.52,17169.44,828.38,2163.75,191.49,7759.34
31/01/2000,1394.46,1546.2,,16388.27,6268.5,5659.81,6835.6,19539.7,15532.34,943.88,2231.82,188.81,8277.19
31/12/1999,1469.25,1480.45,,17091.6,6930.2,5958.32,6958.14,18934.34,16962.1,1028.07,2526.67,151.87,8385.4
30/11/1999,1388.91,1376.15,,13778.86,6597.2,5341.62,5896.04,18558.23,15377.19,996.66,2273.57,120.76,7420.57
29/10/1999,1362.93,1325.45,,11700.2,6255.7,4888.62,5525.4,17942.08,13256.95,833.51,2107.83,106.86,6937.77
30/09/1999,1282.71,1413.1,,11106.31,6029.8,4591.42,5149.83,17605.46,12733.24,836.18,2074.68,87.13,6625.25
31/08/1999,1320.41,1412,,10564.6,6246.4,4589.22,5270.77,17436.56,13482.77,937.88,2185.45,100.72,6673.98
30/07/1999,1328.72,1310.15,,10441.9,6231.9,4382.06,5101.87,17861.86,13186.86,969.72,,114.88,6831.69
30/06/1999,1372.71,1187.7,,11626.94,6318.5,4536.61,5378.52,17529.74,13532.14,883,,131.64,6738.2
31/05/1999,1301.84,1132.3,,11089.61,6226.2,4351.29,5069.83,16111.65,12147.12,736.02,,107.87,6159.88
30/04/1999,1335.18,978.2,,11350.56,6552.2,4405.35,5393.11,16701.53,13333.2,752.59,,96.6,6695.4
31/03/1999,1286.37,1078.05,,10696.35,6295.3,4197.88,4884.2,15836.59,10942.2,618.98,,86.56,5986.94
26/02/1999,1238.33,981.3,,8910.72,6175.1,4092.94,4911.81,14367.54,9858.49,520.06,,62.44,5557.48
29/01/1999,1279.64,966.2,,8171.56,5896,4251.8,5159.96,14499.25,9506.9,571.43,,44.51,5427.55
31/12/1998,1229.23,884.25,,6784.33,5882.6,3942.66,5002.39,13842.17,10048.58,562.46,,45.34,5025.85
30/11/1998,1163.63,817.75,,8631.15,5743.9,3843.38,5022.7,14883.7,10402.32,451.88,,50.41,5202.07
30/10/1998,1098.67,824,,7047.4,5438.4,3522.93,4671.12,13564.51,10154.94,403.44,,32.94,5357.66
30/09/1998,1017.01,904.95,,6593.29,5064.4,3197.95,4474.51,13406.39,7883.46,310.32,,27.02,4695.37
31/08/1998,957.28,852.8,,6472.14,5249.4,3651.85,4833.89,14107.89,7275.04,310.16,,20.92,4490.01
31/07/1998,1120.67,931.4,,10707.25,5837,4177.31,5873.92,16378.97,7936.2,343.33,,37.46,6380.27
30/06/1998,1133.84,941.65,,9678.27,5832.5,4203.45,5897.44,15830.27,8543.1,297.88,,35.89,6063.6
29/05/1998,1090.82,1063.15,,9846.55,5870.7,4041.16,5569.08,15670.78,8934.56,332.03,,46.01,6826.68
30/04/1998,1111.75,1159.35,,11677.1,5928.3,3880.92,5107.44,15641.26,10383.68,421.22,,75.66,7432.13
31/03/1998,1101.75,1116.9,,11946.57,5932.2,3875.81,5102.35,16527.17,11518.68,481.04,,76.35,6796.82
27/02/1998,1049.34,1060.75,,10570.84,5767.3,3421.92,4709.83,16831.67,11480.69,558.98,,73.38,6326.67
30/01/1998,980.28,963.45,,9720.29,5458.5,3172.14,4440.38,16628.47,9252.36,567.38,,62.21,5868.73
31/12/1997,970.43,1079.4,,10196.55,5135.5,2998.91,4249.69,15258.74,10722.76,376.31,,85.05,5498.56
28/11/1997,955.4,1023.95,,9394.78,4831.8,2859.19,3949.14,16636.26,10526.92,407.86,,67.94,5608.66
31/10/1997,914.62,1085.25,,8986.33,4842.3,2739.3,3726.69,16458.94,10623.78,470.79,,86.46,5851.1
30/09/1997,947.28,1123.8,,11797.21,5244.2,3008.26,4167.85,17887.71,15049.3,647.11,,100.16,6375.85
29/08/1997,899.47,1105,,10609.45,4817.5,2770.49,3906.03,18229.42,14135.25,695.37,,,6538.77
31/07/1997,954.29,1221.5,,12872.46,4907.5,3075.67,4438.93,20331.43,16365.71,726.12,,,6748.56
30/06/1997,885.14,1192.4,,12567.62,4604.6,2858.26,3785.77,20604.96,15196.79,745.4,,,6676.05
30/05/1997,848.28,1050.9,,11344.83,4621.3,2583.94,3547.84,20068.81,14757.81,756.77,,,6291.9
30/04/1997,801.34,1079.85,,9982.39,4436,2639.46,3438.07,19151.12,12903.3,703.23,,,6437.17
31/03/1997,757.12,968.3,,9044.35,4312.9,2656.68,3429.05,18003.4,12534.32,677.34,,,6365.1
28/02/1997,790.82,1053.55,,8828.73,4308.3,2607.55,3259.64,18557,13398.72,676.53,,,6430.31
31/01/1997,786.16,972.65,,7964.69,4275.8,2516.56,3035.15,18330.01,13321.79,685.84,,,6019.9
31/12/1996,740.74,899.1,,7039.95,4118.5,2315.73,2888.69,19361.35,13451.45,651.22,,,5992.15
29/11/1996,757.02,830.32,,6666.09,4058,2315.66,2845.52,21020.36,13393.93,726.48,,,6069.06
31/10/1996,705.27,909.29,,6533.15,3979.1,2140.51,2659.25,20466.86,12477.56,757.59,,,6297.51
30/09/1996,687.31,943.96,,6446.87,3953.7,2132.81,2651.85,21556.4,11902.43,789.67,,,6235.46
30/08/1996,651.99,1029,,6259.41,3867.6,1970.61,2543.83,20166.9,11159.02,781.49,,,6079.97
31/07/1996,639.95,1042.81,,6123.29,3703.2,1995.89,2473.35,20692.83,10681.42,821.71,,,5972.29
28/06/1996,670.63,1122,,6043.89,3711,2123.7,2561.39,22530.75,11020.9,817.43,,,6208.41
31/05/1996,669.12,1089.92,,5727.99,3747.8,2110.06,2542.8,21956.19,11264.73,903.09,,,6209.62
30/04/1996,654.17,1114.36,,5164.1,3817.9,2146.79,2505.25,22041.3,10964.53,980.9,,,6334.62
29/03/1996,645.5,985.3,,4954.93,3699.7,2044.77,2485.87,21406.85,10957.2,874.16,,,6067.78
29/02/1996,640.43,992.51,,4957.75,3727.6,1990.77,2473.55,20125.37,11125.68,852.83,,,6009.22
31/01/1996,636.02,848.42,,5151.54,3759.3,2021.03,2470.14,20812.74,11359.7,878.82,,,6183.93
29/12/1995,615.93,908.53,,4299,3689.3,1871.97,2260.69,19868.15,10073.39,882.94,,,5595.3
30/11/1995,605.37,862.1,,4378.57,3664.3,1828.28,2254.95,18744.42,9813.34,930.92,,,5373.84
31/10/1995,581.5,988.26,,4128.39,3529.1,1814.01,2165.76,17654.64,9782.39,990.26,,,5234.93
29/09/1995,584.41,1011.97,,4670.14,3508.2,1788.35,2201.27,17913.06,9646.34,982.65,,,5128.67
31/08/1995,561.88,971.74,,4310.51,3477.8,1883.39,2234.23,18117.22,9179.86,914.06,,,5008.31
31/07/1995,562.06,994.25,,3877.48,3463.3,1920.04,2222.51,16677.53,9453.42,933.57,,,4919
30/06/1995,544.75,961.23,,3603.39,3314.6,1858.82,2089.04,14517.4,9206.54,894.41,,,4880.45
31/05/1995,533.4,997.4,,3720.6,3319.4,1947.95,2099.95,15436.79,9407.38,882.5,,,
28/04/1995,514.71,941.83,,3813.73,3216.7,1918.46,2017.95,16806.75,8361.03,897,,,
31/03/1995,500.71,990.24,,2978.96,3137.9,1859.48,1914.69,16139.95,8587.72,931.78,,,
28/02/1995,487.39,1014.72,,3270.88,3009.3,1776.85,2097.85,17053.43,8327.52,885.69,,,
31/01/1995,470.42,1071.23,,3885.02,2991.6,1797.9,2024.82,18649.82,7342.65,925.56,,,
30/12/1994,459.27,1182.28,,4353.9,3065.5,1881.15,2106.58,19723.06,8191.04,1027.37,,,
30/11/1994,453.69,1245.75,,4656,3081.4,1975.94,2048.26,19075.62,8466.26,1074.41,,,
31/10/1994,472.35,1267.21,,4797.9,3097.4,1905.69,2071.63,19989.6,9646.25,1105.62,,,
30/09/1994,462.69,1290.53,,5484,3026.3,1879.25,2011.75,19563.81,9521.24,1050.51,,,
31/08/1994,475.49,1373.29,,5329.4,3251.3,2069.08,2212.85,20628.53,9929.39,944.23,,,
29/07/1994,458.26,1278.54,,4201.3,3082.6,2074.99,2146.64,20449.39,9482.81,927.97,,,
30/06/1994,444.27,1249.44,,3623.1,2919.2,1892,2025.34,20643.93,8758.41,933.36,,,
31/05/1994,456.5,1187.19,,2467.2,2970.5,2029.9,2127.7,20973.59,9553.56,939.49,,,
29/04/1994,450.91,1150.66,,1708.4,3125.3,2165.96,2245.98,19725.25,8966.07,908.72,,,
31/03/1994,445.77,1177.11,,1515.5,3086.4,2081.94,2133.11,19111.92,9029.91,867.22,,,
28/02/1994,467.14,1349.49,,1053.8,3328.1,2238.06,2091.57,19997.2,10410.23,918.88,,,
31/01/1994,481.61,1246.59,,740.55,3491.8,2334.36,2177.45,20229.12,11487.02,945.71,,,
31/12/1993,466.45,1042.59,,375.45,3418.4,2268.22,2266.68,17417.24,11888.39,866.18,,,
30/11/1993,461.79,988.88,,274.03,3166.9,2110.09,2057.77,16406.54,9125.21,811.06,,,
29/10/1993,467.83,817.18,,184.36,3171,2181.95,2069,19702.97,9329.09,750.72,,,
30/09/1993,458.93,827.13,,146.61,3037.5,2114.63,1915.71,20105.71,7676.22,718.87,,,
31/08/1993,463.56,799.65,,96.43,3100,2216.49,1944.89,21026.6,7549.73,664.88,,,
30/07/1993,448.13,706.83,,65.58,2926.5,2085.88,1803.23,20380.14,6988.96,729.94,,,
30/06/1993,450.53,667.5,,53.75,2900,1971.87,1697.63,19590,7099.28,748.87,,,
31/05/1993,450.19,656.16,,35.41,2840.7,1888.7,1631.85,20552.35,7372.19,752.31,,,
30/04/1993,440.19,622.42,,24.08,2813.1,1939.03,1627.19,20919.18,6830.51,721.57,,,
31/03/1993,451.67,660.51,,19.18,2878.7,2031.38,1684.21,18591.45,6388.86,666.75,,,
26/02/1993,443.38,774.18,,14.04,2868,1983.71,1684.35,16953.35,6351.99,642.96,,,
29/01/1993,438.78,785.28,,9.29,2807.2,1772.21,1571.85,17023.78,5751.4,670.56,,,
31/12/1992,435.71,761.31,,6.78,2846.5,1857.78,1545.05,16924.95,5512.39,678.44,,,
30/11/1992,431.35,726.38,,4.56,2778.8,1771.37,1544.34,17683.65,5810.63,663.36,,,
30/10/1992,418.68,809.87,,4.62,2658.3,1742.4,1492.32,16767.4,6190.69,615.58,,,
30/09/1992,417.8,938.14,,4.45,2553,1736.73,1466.36,17399.08,5505.44,513.82,,,
31/08/1992,414.03,850.86,,3.27,2312.6,1684.88,1541.25,18061.12,5628.6,562.8,,,
31/07/1992,424.21,767.94,,3.68,2399.6,1754.67,1615.42,15910.28,5881.13,509.95,,,
30/06/1992,408.14,855.84,,2.01,2521.2,1900.63,1752.63,15951.73,6103.92,552.03,,,
29/05/1992,415.35,826.16,,2.59,2707.6,2033.29,1803.22,18347.75,6080.15,574.2,,,
30/04/1992,414.95,1105.55,,2.26,2654.1,2031.14,1734.03,17390.71,5369.57,615.97,,,
31/03/1992,403.69,1261.65,,1.73,2440.1,1942.43,1717.86,19345.95,4938.3,606.32,,,
28/02/1992,412.7,889.3,,1.45,2562.1,1983.38,1745.13,21338.81,4929.06,612.5,,,
31/01/1992,408.79,684.93,,1.12,2571.2,1875.25,1687.49,22023.05,4601.78,680.51,,,
31/12/1991,417.09,558.63,,0.61,2493.1,1765.66,1577.98,22983.77,4297.33,610.92,,,
29/11/1991,375.22,563.17,,0.32,2420.2,1739.7,1566.57,22687.35,4149.8,652.11,,,
31/10/1991,392.46,554.4,,0.32,2566,1856.67,1582.06,25222.28,4038.74,695.94,,,
30/09/1991,387.86,553.79,,0.24,2621.7,1880.59,1607.03,23916.44,3956.69,705.08,,,
30/08/1991,395.43,531.97,,0.21,2645.7,1864.26,1650.5,22335.87,3998.26,683.11,,,
31/07/1991,387.81,498.71,,0.18,2588.7,1754.73,1622.31,24120.75,4009.58,717.03,,,
28/06/1991,371.16,391.96,,0.14,2414.7,1747.62,1622.18,23290.96,3668.64,605.27,,,
31/05/1991,389.83,403.18,,0.11,2499.5,1861.78,1704.11,25789.62,3707.01,611.35,,,
30/04/1991,375.35,389.01,,0.07,2486.3,1779.18,1605.79,26111.25,3588.36,645.61,,,
29/03/1991,375.22,366.45,,0.06,2456.6,1816.36,1522.8,26292.04,3745.97,659.85,,,
28/02/1991,367.07,379.94,,0.07,2380.8,1759.79,1542.09,26409.22,3552.14,675.57,,,
31/01/1991,343.93,314.36,,0.05,2170.1,1580.67,1420.18,23293.14,3243.3,635.4,,,
31/12/1990,330.22,330.86,,0.03,2143.4,1505.1,1398.23,23848.71,3024.55,696.11,,,
30/11/1990,322.22,367.69,,0.03,2149.3,1605.12,1441.23,22454.63,2965.06,697.03,,,
31/10/1990,304,403.66,,0.02,2050.3,1645.57,1433.82,25194.1,2990.96,690.16,,,
28/09/1990,306.05,439.72,,0.02,1990.3,1491.76,1334.89,20983.5,2760.82,602.88,,,
31/08/1990,322.56,400.06,,0.03,2162.8,1690.17,1629.51,25978.37,3087.5,606.87,,,
31/07/1990,356.15,347.44,,0.03,2326.2,1965.57,1919.12,31035.66,3438.49,678.38,,,
29/06/1990,358.02,,,0.02,2374.7,2035.03,1879.9,31940.24,3278.24,706.79,,,
31/05/1990,361.23,,,0.01,2345.2,2107.51,1844.41,33130.8,3132.32,797.95,,,
30/04/1990,330.8,,,0.02,2103.4,2046.46,1813.25,29584.8,2950.09,688.66,,,
30/03/1990,339.94,,,0.01,2247.9,1971.79,1968.55,29980.45,2997.98,840.89,,,
28/02/1990,331.89,,,0.02,2255.4,1849.68,1809.92,34591.99,2951.98,861.59,,,
31/01/1990,329.08,,,0.01,2337.3,1882.88,1822.78,37188.95,2751.6,896.16,,,
29/12/1989,353.4,,,0.01,2422.7,2001.08,1790.37,38915.87,2836.57,909.72,,,
30/11/1989,345.99,,,0,2276.8,1890.43,1577.43,37268.79,2748.35,906.33,,,
31/10/1989,340.36,,,0,2142.6,1819.51,1472.76,35549.44,2725.29,894.02,,,
29/09/1989,349.15,,,0,2299.3,1906.12,1574.37,35636.76,2758.25,942.41,,,
31/08/1989,351.45,,,0,2387.9,1875.92,1597.85,34431.2,2508.57,975.28,,,
31/07/1989,346.08,,,0,2297,1814.19,1554.16,34953.87,2571.08,895.66,,,
30/06/1989,317.98,,,0,2151,1727.85,1473.72,32948.69,2273.91,854.61,,,
31/05/1989,320.52,,,0,2114.4,1729.65,1407.29,34266.75,2743.87,932.76,,,
28/04/1989,309.64,,,0,2118.3,1680.53,1370.9,33713.35,3116.03,940.54,,,
31/03/1989,294.87,,,0,2075,1644.81,1322.66,32838.68,3004.98,1003.31,,,
28/02/1989,288.86,,,0,2002.4,1580.07,1288.66,31985.6,3012.68,917.9,,,
31/01/1989,297.47,,,0,2052.1,1654.99,1312.73,31581.3,3072.86,884.29,,,
30/12/1988,277.72,,,0,1793.1,1573.94,1327.87,30159,2687.44,907.2,,,
30/11/1988,273.7,,,0,1792.4,1478.2,1275.99,29578.9,2659.3,831.12,,,
31/10/1988,278.97,,,0,1852.4,1496.83,1300.79,27982.54,2627.41,729.79,,,
30/09/1988,271.91,,,0,1826.5,1418.13,1252.69,27923.67,2441.05,677.54,,,
31/08/1988,261.52,,,0,1753.6,1292.81,1165.36,27365.95,2443.8,664.43,,,
29/07/1988,272.02,,,0,1853.6,1320.55,1181.72,27911.63,2678.92,721.08,,,
30/06/1988,273.5,,,0,1857.6,1320.17,1140.49,27769.4,2671.49,702.83,,,
31/05/1988,262.16,,,0,1784.4,1235.78,1083.36,27416.7,2496.68,717.35,,,
29/04/1988,261.33,,,0,1802.2,1127.54,1054.46,27434.12,2602.87,647.18,,,
31/03/1988,258.89,,,0,1742.5,1016.71,1063.17,26260.26,2543.97,656.47,,,
29/02/1988,267.82,,,,1768.8,1112.58,1079.55,25242.81,2418.08,612.35,,,
29/01/1988,257.07,,,,1790.8,893.82,935.57,23622.32,2409.66,633.58,,,
31/12/1987,247.08,,,,1712.7,1000,1000,21564,2302.75,525.11,,,
30/11/1987,230.3,,,,1579.9,1037.43,1022.8,22686.78,2138.39,475.59,,,
30/10/1987,251.79,,,,1749.8,1116.47,1177.4,22765.04,2240.13,509.05,,,
30/09/1987,321.83,,,,2366,1447.87,1500.2,26010.88,3943.64,485.35,,,
31/08/1987,329.8,,,,2249.7,1533.59,1537.8,26029.22,3611.74,474.01,,,
31/07/1987,318.66,,,,2360.9,1488.31,1510.5,24488.11,3479.24,485.48,,,
30/06/1987,304,,,,2284.1,,1382.6,24176.4,3178.19,411.76,,,
29/05/1987,290.1,,,,2203,,1316.4,24772.39,2919.7,387.99,,,
30/04/1987,288.36,,,,2050.5,,1308.1,23274.83,2659.85,358.63,,,
31/03/1987,291.7,,,,1997.5,,1301.7,21566.66,2713.81,405.13,,,
27/02/1987,284.2,,,,1979.2,,1244.4,20421.66,2877.87,334.98,,,
30/01/1987,274.08,,,,1808.3,,1294.5,20048.35,2553.25,310.22,,,
31/12/1986,242.17,,,,1679,,1432.3,18820.65,2568.3,272.61,,,
28/11/1986,249.22,,,,1636.7,,1466.3,18083.02,2418.75,268.98,,,
31/10/1986,243.98,,,,1632.1,,1426.3,16910.63,2315.63,240.79,,,
30/09/1986,231.32,,,,1555.8,,1408,17852.86,2068.44,253.45,,,
29/08/1986,252.93,,,,1661.2,,1497.5,18533.68,1913,264.64,,,
31/07/1986,236.12,,,,1558.1,,1288.6,17509.71,1855.46,273.75,,,
30/06/1986,250.84,,,,1649.8,,1357.5,17654.19,1739.11,243.36,,,
30/05/1986,247.35,,,,1602.8,,1380.5,16670.77,1787.96,231.06,,,
30/04/1986,235.52,,,,1660.5,,1507.3,15825.5,1836.99,202.91,,,
31/03/1986,238.9,,,,1668.8,,1481.6,15859.75,1625.94,199.76,,,
28/02/1986,226.92,,,,1543.9,,1357.3,13640.83,1695.3,175.91,,,
31/01/1986,211.78,,,,1435,,1387.1,13024.3,1695.78,160.42,,,
31/12/1985,211.28,,,,1412.6,,1366.2,13083.18,1752.45,163.37,,,
29/11/1985,202.17,,,,1439.1,,1251.8,12763.27,1716.95,150.16,,,
31/10/1985,189.82,,,,1377.2,,1295.8,12936.47,1665.39,140.89,,,
30/09/1985,182.08,,,,1290,,1142.6,12700.11,1511.8,138.91,,,
30/08/1985,188.63,,,,1341.1,,1081.7,12713.15,1656.1,136.49,,,
31/07/1985,190.92,,,,1261.7,,986,12232.27,1680.62,137.38,,,
28/06/1985,191.85,,,,1234.9,,1018.5,12882.09,1570.61,136.58,,,
31/05/1985,189.55,,,,1313,,950.6,12758.46,1613.87,134.09,,,
30/04/1985,179.83,,,,1291,,873.1,12426.29,1520.56,134.15,,,
29/03/1985,180.66,,,,1277,,858.9,12580.76,1382.04,136.46,,,
28/02/1985,181.18,,,,1259.7,,855.4,12321.92,1375.25,134.93,,,
31/01/1985,179.63,,,,1280.8,,838.1,11992.31,1365.02,138.9,,,
31/12/1984,167.24,,,,1232.2,,820.9,11542.6,1200.38,142.46,,,
30/11/1984,163.58,,,,1181.3,,811.1,11428.9,1128.1,135.54,,,
31/10/1984,166.09,,,,1151,,802.3,11252.98,1015.13,129.82,,,
28/09/1984,166.1,,,,1140.3,,799,10649.25,1002.5,134.14,,,
31/08/1984,166.68,,,,1103.9,,751.1,10584.2,926.78,136.11,,,
31/07/1984,150.66,,,,1010.1,,717.5,9998.5,800.15,134.54,,,
29/06/1984,153.18,,,,1041.4,,763.3,10377.97,901.07,130.28,,,
31/05/1984,150.55,,,,1021,,739.6,9940.14,915.3,130.48,,,
30/04/1984,160.05,,,,1138.3,,776.1,10981.68,1037.06,135.6,,,
30/03/1984,159.18,,,,1112.5,,774.3,10929.17,1014.38,133.35,,,
29/02/1984,157.06,,,,1040.3,,766.2,10030.7,1059.29,129.66,,,
31/01/1984,163.41,,,,1063,,807.2,10196.1,1102.38,124.08,,,
30/12/1983,164.93,,,,1000,,774,9893.82,874.94,121.21,,,
30/11/1983,166.4,,,,,,753.5,9320.24,852.9,117.63,,,
31/10/1983,163.55,,,,,,753.8,9356.79,865.22,121.42,,,
30/09/1983,166.07,,,,,,719.3,9402.59,758.33,117.71,,,
31/08/1983,164.4,,,,,,698.4,9189.43,965.94,118.82,,,
29/07/1983,162.56,,,,,,737.7,9078.75,1072.02,125.04,,,
30/06/1983,168.11,,,,,,719.7,8870.95,964.35,122.44,,,
31/05/1983,162.39,,,,,,675.7,8617.57,918.59,125.76,,,
29/04/1983,164.42,,,,,,707,8636.56,1019.43,131.44,,,
31/03/1983,152.96,,,,,,661.4,8478.7,996.01,119.8,,,
28/02/1983,148.06,,,,,,602.5,8085.57,1021.55,123.5,,,
31/01/1983,145.3,,,,,,549.1,8103.47,887.04,118.27,,,
31/12/1982,140.64,,,,,,552.8,8016.67,783.82,128.99,,,
30/11/1982,138.54,,,,,,518.5,7895.62,704.03,123.66,,,
29/10/1982,133.71,,,,,,511.6,7259.15,771.9,121.91,,,
30/09/1982,120.42,,,,,,526.9,6910.73,927.18,119.71,,,
31/08/1982,119.51,,,,,,502.9,7123.38,1035.33,121.94,,,
30/07/1982,107.09,,,,,,508.5,7122.08,1182.75,125.08,,,
30/06/1982,109.61,,,,,,501.1,7213.87,1278.56,123.64,,,
31/05/1982,111.88,,,,,,512.2,7325.65,1407.58,114.57,,,
30/04/1982,116.44,,,,,,518.2,7390.71,1323.36,121.4,,,
31/03/1982,111.96,,,,,,525.7,7260.48,1165.96,127.83,,,
26/02/1982,113.11,,,,,,515.5,7548.51,1271.6,128.78,,,
29/01/1982,120.4,,,,,,502.1,7918.82,1417.42,125.65,,,
31/12/1981,122.55,,,,,,490.4,7681.84,1405.82,131.3,,,
30/11/1981,126.35,,,,,,509.1,7549.33,1450.22,132.4,,,
30/10/1981,121.89,,,,,,496.3,7449.46,1281.71,123,,,
30/09/1981,116.18,,,,,,495.3,7455.5,1280.13,132.3,,,
31/08/1981,122.79,,,,,,533.3,7815.78,1672.84,140.1,,,
31/07/1981,130.92,,,,,,542.7,7828.26,1719.84,148.1,,,
30/06/1981,131.21,,,,,,533.6,7867.42,1734.36,150.8,,,
29/05/1981,132.59,,,,,,497.9,7539.69,1667.34,126.3,,,
30/04/1981,132.81,,,,,,510.4,7674.19,1424.26,122.4,,,
31/03/1981,136,,,,,,483.8,7334.31,1369.65,107.4,,,
27/02/1981,131.27,,,,,,473.3,7146.53,1487.88,104.1,,,
30/01/1981,129.55,,,,,,468.4,7254.01,1588.08,105.7,,,
31/12/1980,135.76,,,,,,480.9,7063.13,1473.59,106.87,,,
28/11/1980,140.52,,,,,,495.3,7123.62,1445.51,106.93,,,
31/10/1980,127.47,,,,,,489.8,7150.75,1498.86,105.71,,,
30/09/1980,125.46,,,,,,508.8,7076.46,1213.68,110.35,,,
29/08/1980,122.38,,,,,,511.5,6914.08,1221.12,112.65,,,
31/07/1980,121.67,,,,,,524.7,6819.63,1166.55,112.71,,,
30/06/1980,114.24,,,,,,515.5,6870.7,1066.84,112.62,,,
30/05/1980,111.24,,,,,,501.5,6855.7,894.32,116.43,,,
30/04/1980,106.29,,,,,,496.1,6865.56,867.9,116.09,,,
31/03/1980,102.09,,,,,,475.2,6556.19,783.22,105,,,
29/02/1980,113.66,,,,,,521.5,6764.89,914.91,103.74,,,
31/01/1980,114.16,,,,,,504,6768.16,907.5,105.89,,,
31/12/1979,107.94,,,,,,497.8,6569.47,879.38,,,,
30/11/1979,106.16,,,,,,508.7,6450.19,762.45,,,,
31/10/1979,101.82,,,,,,506.3,6444.13,674.18,,,,
28/09/1979,109.32,,,,,,535.6,6568.61,685.83,,,,
31/08/1979,109.32,,,,,,538,6436.13,581.77,,,,
31/07/1979,103.81,,,,,,532,6313.77,605.23,,,,
29/06/1979,102.91,,,,,,512.6,6247.26,539.32,,,,
31/05/1979,99.08,,,,,,526.1,6252.59,562.96,,,,
30/04/1979,101.76,,,,,,554.7,6223.14,537.82,,,,
30/03/1979,101.59,,,,,,555,6133.97,537.66,,,,
28/02/1979,96.28,,,,,,563.9,6072.88,526.87,,,,
31/01/1979,99.93,,,,,,580.2,6212.78,543.06,,,,
29/12/1978,96.11,,,,,,575.1,6001.85,495.51,,,,
30/11/1978,94.7,,,,,,581.8,5967.43,499.43,,,,
31/10/1978,93.15,,,,,,585.6,5902.93,673.11,,,,
29/09/1978,102.54,,,,,,598.3,5772.36,633.14,,,,
31/08/1978,103.29,,,,,,583.1,5585.41,679.82,,,,
31/07/1978,100.68,,,,,,582.1,5601.34,584.42,,,,
30/06/1978,95.53,,,,,,553,5543.14,556.88,,,,
31/05/1978,97.29,,,,,,545.5,5469.77,472.57,,,,
28/04/1978,96.83,,,,,,532.1,5534.18,460.23,,,,
31/03/1978,89.21,,,,,,549.7,5447.76,449.44,,,,
28/02/1978,87.04,,,,,,552.9,5222.66,413.03,,,,
31/01/1978,89.25,,,,,,549.4,5111.67,405.32,,,,
30/12/1977,95.1,,,,,,549.3,4865.6,404.02,,,,
30/11/1977,94.83,,,,,,557.5,4936.89,419.29,,,,
31/10/1977,92.34,,,,,,554.2,5079.61,417.79,,,,
30/09/1977,96.53,,,,,,541.3,5264.38,417.09,,,,
31/08/1977,96.77,,,,,,540.9,5243.46,427.73,,,,
29/07/1977,98.85,,,,,,530.3,4898.14,417.85,,,,
30/06/1977,100.48,,,,,,524.9,4975.93,439.59,,,,
31/05/1977,96.12,,,,,,539.9,5026.14,438.96,,,,
29/04/1977,98.44,,,,,,551.9,5099.05,441.94,,,,
31/03/1977,98.42,,,,,,509.8,5036.46,417.27,,,,
28/02/1977,99.82,,,,,,496.2,5079.11,427.76,,,,
31/01/1977,102.03,,,,,,512.3,4962.47,434.25,,,,
31/12/1976,107.46,,,,,,509,4990.85,447.67,,,,
30/11/1976,102.1,,,,,,509.5,4506.6,400.77,,,,
29/10/1976,102.9,,,,,,487.4,4646.27,389.73,,,,
30/09/1976,105.24,,,,,,531.1,4830.4,408.94,,,,
31/08/1976,102.91,,,,,,530.3,4738.14,413.06,,,,
30/07/1976,103.44,,,,,,534,4641.83,405.33,,,,
30/06/1976,104.28,,,,,,542.3,4852.13,412.8,,,,
31/05/1976,100.18,,,,,,542.4,4659.46,401.95,,,,
30/04/1976,101.64,,,,,,547.3,4656.96,426.29,,,,
31/03/1976,102.77,,,,,,583.7,4596.48,455.78,,,,
27/02/1976,99.71,,,,,,567.8,4628.76,448.14,,,,
30/01/1976,100.86,,,,,,572,4656.86,423.5,,,,
31/12/1975,90.19,,,,,,563.2,4342.06,350,,,,
28/11/1975,91.24,,,,,,561.5,4329.77,313.52,,,,
31/10/1975,89.04,,,,,,534.3,4352.05,312.27,,,,
30/09/1975,83.87,,,,,,491.6,3886.39,306.4,,,,
29/08/1975,86.88,,,,,,503,4060.57,300.14,,,,
31/07/1975,88.75,,,,,,531.9,4333.04,306.77,,,,
30/06/1975,95.19,,,,,,485.1,4532.54,321.2,,,,
30/05/1975,91.15,,,,,,480.1,4407.73,320.94,,,,
30/04/1975,87.3,,,,,,515.6,4484.84,322.61,,,,
31/03/1975,83.36,,,,,,499.3,4484.97,279.38,,,,
28/02/1975,81.59,,,,,,488.3,4273.39,252.67,,,,
31/01/1975,76.98,,,,,,446.6,3957.53,220.23,,,,
31/12/1974,68.56,,,,,,401.8,3836.93,171.11,,,,
29/11/1974,69.97,,,,,,401.1,3927.49,174.85,,,,
31/10/1974,73.9,,,,,,384.9,3594.55,224.42,,,,
30/09/1974,63.54,,,,,,376.6,3950,212.59,,,,
30/08/1974,72.15,,,,,,395.4,4069.68,259.66,,,,
31/07/1974,79.31,,,,,,395.7,4492.42,338.15,,,,
28/06/1974,86,,,,,,397.3,4602.87,399.36,,,,
31/05/1974,87.28,,,,,,413.1,4772.66,401.16,,,,
30/04/1974,90.31,,,,,,425,4622.35,300,,,,
29/03/1974,93.98,,,,,,399.9,4466.14,337.78,,,,
28/02/1974,96.22,,,,,,400.3,4486.58,387.2,,,,
31/01/1974,96.57,,,,,,433.4,4449.9,452.98,,,,
31/12/1973,97.55,,,,,,396.3,4306.8,433.68,,,,
30/11/1973,95.96,,,,,,409.6,4461.84,514.71,,,,
31/10/1973,108.29,,,,,,470.7,4699.73,631.99,,,,
28/09/1973,108.43,,,,,,435.5,4617.33,532.9,,,,
31/08/1973,104.25,,,,,,448.9,4882.09,600.15,,,,
31/07/1973,108.22,,,,,,448.9,5041.18,698.15,,,,
29/06/1973,104.26,,,,,,474.8,4675.12,623.19,,,,
31/05/1973,104.95,,,,,,485.7,4557.36,763.91,,,,
30/04/1973,106.97,,,,,,542.5,4570.33,734.83,,,,
30/03/1973,111.52,,,,,,572.5,5233.79,1301.13,,,,
28/02/1973,111.68,,,,,,543.2,5121.32,1625.63,,,,
31/01/1973,116.03,,,,,,558.1,5165.24,971.87,,,,
29/12/1972,118.05,,,,,,536.4,5207.94,843.4,,,,
30/11/1972,116.67,,,,,,549.3,4868.96,664.91,,,,
31/10/1972,111.58,,,,,,545.2,4537.99,639.59,,,,
29/09/1972,110.55,,,,,,555,4320.63,496.55,,,,
31/08/1972,111.09,,,,,,574.6,4066.78,450.24,,,,
31/07/1972,107.39,,,,,,586.5,3938.4,497.01,,,,
30/06/1972,107.14,,,,,,549.3,3710.7,440.06,,,,
31/05/1972,109.53,,,,,,562.5,3636.79,421.13,,,,
28/04/1972,107.67,,,,,,548.5,3339.08,390.29,,,,
31/03/1972,107.2,,,,,,560.4,3187.62,354.63,,,,
29/02/1972,106.57,,,,,,544,3021.98,342.79,,,,
31/01/1972,103.94,,,,,,503.8,2856.5,329.55,,,,
31/12/1971,102.09,,,,,,473.5,2713.74,341.36,,,,
30/11/1971,93.99,,,,,,447.5,2442.71,284.74,,,,
29/10/1971,94.23,,,,,,441.6,2278.46,364.22,,,,
30/09/1971,98.34,,,,,,480,2428.25,363.76,,,,
31/08/1971,99.03,,,,,,499.8,2297.06,343.31,,,,
30/07/1971,95.58,,,,,,523.7,2661.59,288.23,,,,
30/06/1971,99.7,,,,,,506.2,2637.35,292.48,,,,
31/05/1971,99.63,,,,,,515.6,2456.33,240.17,,,,
30/04/1971,103.95,,,,,,503.9,2468.18,222.87,,,,
31/03/1971,100.31,,,,,,538.5,2403.3,210.81,,,,
26/02/1971,96.75,,,,,,533.5,2232.42,209.16,,,,
29/01/1971,95.88,,,,,,511.9,2100.9,220.59,,,,
31/12/1970,92.15,,,,,,443.9,1987.14,211.64,,,,
30/11/1970,87.2,,,,,,458.2,1990.47,198.86,,,,
30/10/1970,83.25,,,,,,477.2,2114.2,191.54,,,,
30/09/1970,84.21,,,,,,486.7,2065.44,198.55,,,,
31/08/1970,81.52,,,,,,496.6,2132.21,201.15,,,,
31/07/1970,78.05,,,,,,492.5,2159.16,194.53,,,,
30/06/1970,72.72,,,,,,464.8,2138.11,181.37,,,,
29/05/1970,76.55,,,,,,485.8,2026.14,173.02,,,,
30/04/1970,81.52,,,,,,532.9,2114.32,178.58,,,,
31/03/1970,89.63,,,,,,572.7,2523.75,179.63,,,,
27/02/1970,89.5,,,,,,564.5,2380.29,174.06,,,,
30/01/1970,85.02,,,,,,582.2,2296.43,164.11,,,,
31/12/1969,92.06,,,,,,622.4,,155.47,,,,
28/11/1969,93.81,,,,,,656.7,,157.01,,,,
31/10/1969,97.24,,,,,,627.3,,160.05,,,,
30/09/1969,93.12,,,,,,601.5,,141.41,,,,
29/08/1969,95.51,,,,,,610.4,,118.63,,,,
31/07/1969,91.83,,,,,,568.8,,118.63,,,,
30/06/1969,97.71,,,,,,588.8,,119.76,,,,
30/05/1969,103.46,,,,,,622.3,,114.6,,,,
30/04/1969,103.69,,,,,,581.2,,114.6,,,,
31/03/1969,101.51,,,,,,581.4,,112.53,,,,
28/02/1969,98.13,,,,,,571.9,,115.39,,,,
31/01/1969,103.01,,,,,,591.4,,116.51,,,,
31/12/1968,103.86,,,,,,555.6,,107.55,,,,
29/11/1968,108.37,,,,,,560.1,,98.15,,,,
31/10/1968,103.41,,,,,,581.9,,98.15,,,,
30/09/1968,102.67,,,,,,567.3,,87.16,,,,
30/08/1968,98.86,,,,,,591.2,,82.77,,,,
31/07/1968,97.74,,,,,,585.7,,82.77,,,,
28/06/1968,99.58,,,,,,591.4,,71.34,,,,
31/05/1968,98.68,,,,,,557.5,,71.34,,,,
30/04/1968,97.59,,,,,,562.2,,67.12,,,,
29/03/1968,90.2,,,,,,535.6,,64.46,,,,
29/02/1968,89.36,,,,,,522.2,,64.46,,,,
31/01/1968,92.24,,,,,,524.6,,67.57,,,,
29/12/1967,96.47,,,,,,503.2,,66.36,,,,
30/11/1967,94,,,,,,484.8,,66.36,,,,
31/10/1967,93.9,,,,,,466.8,,67.2,,,,
29/09/1967,96.71,,,,,,442.5,,58.61,,,,
31/08/1967,93.64,,,,,,436.5,,58.61,,,,
31/07/1967,94.75,,,,,,388.3,,63.08,,,,
30/06/1967,90.64,,,,,,362,,60.15,,,,
31/05/1967,89.08,,,,,,373.5,,66.73,,,,
28/04/1967,94.01,,,,,,367.5,,76.87,,,,
31/03/1967,90.2,,,,,,388.4,,76.87,,,,
28/02/1967,86.78,,,,,,374.3,,79.12,,,,
31/01/1967,86.61,,,,,,364.2,,79.83,,,,
30/12/1966,80.33,,,,,,333.4,,81.25,,,,
30/11/1966,80.45,,,,,,343.8,,81.25,,,,
31/10/1966,80.2,,,,,,341.3,,79.1,,,,
30/09/1966,76.56,,,,,,367.3,,79.57,,,,
31/08/1966,77.1,,,,,,356.2,,80.51,,,,
29/07/1966,83.6,,,,,,338.7,,83.77,,,,
30/06/1966,84.74,,,,,,362.5,,83.77,,,,
31/05/1966,86.13,,,,,,400.2,,82.15,,,,
29/04/1966,91.06,,,,,,410.8,,83.05,,,,
31/03/1966,89.23,,,,,,429.8,,83.05,,,,
28/02/1966,91.22,,,,,,449,,85.81,,,,
31/01/1966,92.88,,,,,,445,,84.82,,,,
31/12/1965,92.43,,,,,,422.4,,82.14,,,,
30/11/1965,91.61,,,,,,426,,77.95,,,,
29/10/1965,92.42,,,,,,440.4,,81,,,,
30/09/1965,89.96,,,,,,461.8,,81,,,,
31/08/1965,87.17,,,,,,459.9,,84.26,,,,
30/07/1965,85.25,,,,,,459.2,,86.1,,,,
30/06/1965,84.12,,,,,,434.3,,86.1,,,,
31/05/1965,88.42,,,,,,465,,85.23,,,,
30/04/1965,89.11,,,,,,456,,90.33,,,,
31/03/1965,86.16,,,,,,450.7,,91.49,,,,
26/02/1965,87.43,,,,,,472.8,,101.45,,,,
29/01/1965,87.56,,,,,,489,,101.45,,,,
31/12/1964,84.75,,,,,,477.9,,101.45,,,,
30/11/1964,84.42,,,,,,472.8,,101.42,,,,
30/10/1964,84.86,,,,,,479.8,,101.21,,,,
30/09/1964,84.18,,,,,,505.5,,101.21,,,,
31/08/1964,81.83,,,,,,518.5,,98.81,,,,
31/07/1964,83.18,,,,,,502.7,,100,,,,
30/06/1964,81.69,,,,,,485.5,,,,,,
29/05/1964,80.37,,,,,,482.3,,,,,,
30/04/1964,79.46,,,,,,500.4,,,,,,
31/03/1964,78.98,,,,,,509.7,,,,,,
28/02/1964,77.8,,,,,,488.6,,,,,,
31/01/1964,77.04,,,,,,475.6,,,,,,
31/12/1963,75.02,,,,,,438.9,,,,,,
29/11/1963,73.23,,,,,,423.1,,,,,,
31/10/1963,74.01,,,,,,436.7,,,,,,
30/09/1963,71.7,,,,,,452.2,,,,,,
30/08/1963,72.5,,,,,,453.2,,,,,,
31/07/1963,69.13,,,,,,433,,,,,,
28/06/1963,69.37,,,,,,423.4,,,,,,
31/05/1963,70.8,,,,,,437.1,,,,,,
30/04/1963,69.8,,,,,,380.6,,,,,,
29/03/1963,66.57,,,,,,364.2,,,,,,
28/02/1963,64.29,,,,,,349.6,,,,,,
31/01/1963,66.2,,,,,,367,,,,,,
31/12/1962,63.1,,,,,,386.3,,,,,,
30/11/1962,62.26,,,,,,404.1,,,,,,
31/10/1962,56.52,,,,,,349.6,,,,,,
28/09/1962,56.27,,,,,,354.5,,,,,,
31/08/1962,59.12,,,,,,383.1,,,,,,
31/07/1962,58.23,,,,,,360.7,,,,,,
29/06/1962,54.75,,,,,,374.7,,,,,,
31/05/1962,59.63,,,,,,399.6,,,,,,
30/04/1962,65.24,,,,,,448.4,,,,,,
30/03/1962,69.55,,,,,,467,,,,,,
28/02/1962,69.96,,,,,,473.1,,,,,,
31/01/1962,68.84,,,,,,478.4,,,,,,
29/12/1961,71.55,,,,,,489.8,,,,,,
30/11/1961,71.32,,,,,,509.9,,,,,,
31/10/1961,68.62,,,,,,501.6,,,,,,
29/09/1961,66.73,,,,,,477.4,,,,,,
31/08/1961,68.07,,,,,,474.9,,,,,,
31/07/1961,66.76,,,,,,525.3,,,,,,
30/06/1961,64.64,,,,,,554.1,,,,,,
31/05/1961,66.56,,,,,,572.5,,,,,,
28/04/1961,65.31,,,,,,541.7,,,,,,
31/03/1961,65.06,,,,,,536.2,,,,,,
28/02/1961,63.44,,,,,,539.2,,,,,,
31/01/1961,61.78,,,,,,531.8,,,,,,
30/12/1960,58.11,,,,,,534.1,,,,,,
30/11/1960,55.54,,,,,,538.4,,,,,,
31/10/1960,53.39,,,,,,543.1,,,,,,
30/09/1960,53.52,,,,,,551,,,,,,
31/08/1960,56.96,,,,,,589.2,,,,,,
29/07/1960,55.51,,,,,,527.4,,,,,,
30/06/1960,56.92,,,,,,533.3,,,,,,
31/05/1960,55.83,,,,,,463.9,,,,,,
29/04/1960,54.37,,,,,,431,,,,,,
31/03/1960,55.34,,,,,,411.6,,,,,,
29/02/1960,56.12,,,,,,410.2,,,,,,
29/01/1960,55.61,,,,,,417.2,,,,,,
31/12/1959,59.89,,,,,,417.8,,,,,,
30/11/1959,58.28,,,,,,379.5,,,,,,
30/10/1959,57.52,,,,,,369.6,,,,,,
30/09/1959,56.88,,,,,,,,,,,,
31/08/1959,59.6,,,,,,,,,,,,
31/07/1959,60.51,,,,,,,,,,,,
30/06/1959,58.47,,,,,,,,,,,,
29/05/1959,58.68,,,,,,,,,,,,
30/04/1959,57.59,,,,,,,,,,,,
31/03/1959,55.44,,,,,,,,,,,,
27/02/1959,55.41,,,,,,,,,,,,
30/01/1959,55.42,,,,,,,,,,,,
31/12/1958,55.21,,,,,,,,,,,,
28/11/1958,52.48,,,,,,,,,,,,
31/10/1958,51.33,,,,,,,,,,,,
30/09/1958,50.06,,,,,,,,,,,,
29/08/1958,47.75,,,,,,,,,,,,
31/07/1958,47.19,,,,,,,,,,,,
30/06/1958,45.24,,,,,,,,,,,,
30/05/1958,44.09,,,,,,,,,,,,
30/04/1958,43.44,,,,,,,,,,,,
31/03/1958,42.1,,,,,,,,,,,,
28/02/1958,40.84,,,,,,,,,,,,
31/01/1958,41.7,,,,,,,,,,,,
31/12/1957,39.99,,,,,,,,,,,,
29/11/1957,41.72,,,,,,,,,,,,
31/10/1957,41.06,,,,,,,,,,,,
30/09/1957,42.42,,,,,,,,,,,,
30/08/1957,45.22,,,,,,,,,,,,
31/07/1957,47.91,,,,,,,,,,,,
28/06/1957,47.37,,,,,,,,,,,,
31/05/1957,47.43,,,,,,,,,,,,
30/04/1957,45.74,,,,,,,,,,,,
29/03/1957,44.11,,,,,,,,,,,,
28/02/1957,43.26,,,,,,,,,,,,
31/01/1957,44.72,,,,,,,,,,,,
31/12/1956,46.67,,,,,,,,,,,,
30/11/1956,45.08,,,,,,,,,,,,
31/10/1956,45.58,,,,,,,,,,,,
28/09/1956,45.35,,,,,,,,,,,,
31/08/1956,47.51,,,,,,,,,,,,
31/07/1956,49.39,,,,,,,,,,,,
29/06/1956,46.97,,,,,,,,,,,,
31/05/1956,45.2,,,,,,,,,,,,
30/04/1956,48.38,,,,,,,,,,,,
30/03/1956,48.48,,,,,,,,,,,,
29/02/1956,45.34,,,,,,,,,,,,
31/01/1956,43.82,,,,,,,,,,,,
30/12/1955,45.48,,,,,,,,,,,,
30/11/1955,45.51,,,,,,,,,,,,
31/10/1955,42.34,,,,,,,,,,,,
30/09/1955,43.67,,,,,,,,,,,,
31/08/1955,43.18,,,,,,,,,,,,
29/07/1955,43.52,,,,,,,,,,,,
30/06/1955,41.03,,,,,,,,,,,,
31/05/1955,37.91,,,,,,,,,,,,
29/04/1955,37.96,,,,,,,,,,,,
31/03/1955,36.58,,,,,,,,,,,,
28/02/1955,36.76,,,,,,,,,,,,
31/01/1955,36.63,,,,,,,,,,,,
31/12/1954,35.98,,,,,,,,,,,,
30/11/1954,34.24,,,,,,,,,,,,
29/10/1954,31.68,,,,,,,,,,,,
30/09/1954,32.31,,,,,,,,,,,,
31/08/1954,29.83,,,,,,,,,,,,
30/07/1954,30.88,,,,,,,,,,,,
30/06/1954,29.21,,,,,,,,,,,,
31/05/1954,29.19,,,,,,,,,,,,
30/04/1954,28.26,,,,,,,,,,,,
31/03/1954,26.94,,,,,,,,,,,,
26/02/1954,26.15,,,,,,,,,,,,
29/01/1954,26.08,,,,,,,,,,,,
31/12/1953,24.81,,,,,,,,,,,,
30/11/1953,24.76,,,,,,,,,,,,
30/10/1953,24.54,,,,,,,,,,,,
30/09/1953,23.35,,,,,,,,,,,,
31/08/1953,23.32,,,,,,,,,,,,
31/07/1953,24.75,,,,,,,,,,,,
30/06/1953,24.14,,,,,,,,,,,,
29/05/1953,24.54,,,,,,,,,,,,
30/04/1953,24.62,,,,,,,,,,,,
31/03/1953,25.29,,,,,,,,,,,,
27/02/1953,25.9,,,,,,,,,,,,
30/01/1953,26.38,,,,,,,,,,,,
31/12/1952,26.57,,,,,,,,,,,,
28/11/1952,25.66,,,,,,,,,,,,
31/10/1952,24.52,,,,,,,,,,,,
30/09/1952,24.54,,,,,,,,,,,,
29/08/1952,25.03,,,,,,,,,,,,
31/07/1952,25.4,,,,,,,,,,,,
30/06/1952,24.96,,,,,,,,,,,,
30/05/1952,23.86,,,,,,,,,,,,
30/04/1952,23.32,,,,,,,,,,,,
31/03/1952,24.37,,,,,,,,,,,,
29/02/1952,23.26,,,,,,,,,,,,
31/01/1952,24.14,,,,,,,,,,,,
31/12/1951,23.77,,,,,,,,,,,,
30/11/1951,22.88,,,,,,,,,,,,
31/10/1951,22.94,,,,,,,,,,,,
28/09/1951,23.26,,,,,,,,,,,,
31/08/1951,23.28,,,,,,,,,,,,
31/07/1951,22.4,,,,,,,,,,,,
29/06/1951,20.96,,,,,,,,,,,,
31/05/1951,21.52,,,,,,,,,,,,
30/04/1951,22.43,,,,,,,,,,,,
30/03/1951,21.48,,,,,,,,,,,,
28/02/1951,21.8,,,,,,,,,,,,
31/01/1951,21.66,,,,,,,,,,,,
29/12/1950,20.43,,,,,,,,,,,,
30/11/1950,19.51,,,,,,,,,,,,
31/10/1950,19.53,,,,,,,,,,,,
29/09/1950,19.45,,,,,,,,,,,,
31/08/1950,18.42,,,,,,,,,,,,
31/07/1950,17.84,,,,,,,,,,,,
30/06/1950,17.69,,,,,,,,,,,,
31/05/1950,18.78,,,,,,,,,,,,
28/04/1950,17.96,,,,,,,,,,,,
31/03/1950,17.29,,,,,,,,,,,,
28/02/1950,17.22,,,,,,,,,,,,
31/01/1950,17.05,,,,,,,,,,,,
30/12/1949,16.79,,,,,,,,,,,,
30/11/1949,16.06,,,,,,,,,,,,
31/10/1949,16.04,,,,,,,,,,,,
30/09/1949,15.58,,,,,,,,,,,,
31/08/1949,15.22,,,,,,,,,,,,
29/07/1949,15.04,,,,,,,,,,,,
30/06/1949,14.16,,,,,,,,,,,,
31/05/1949,14.19,,,,,,,,,,,,
29/04/1949,14.71,,,,,,,,,,,,
31/03/1949,15.06,,,,,,,,,,,,
28/02/1949,14.62,,,,,,,,,,,,
31/01/1949,15.22,,,,,,,,,,,,
31/12/1948,15.2,,,,,,,,,,,,
30/11/1948,14.75,,,,,,,,,,,,
29/10/1948,16.5,,,,,,,,,,,,
30/09/1948,15.49,,,,,,,,,,,,
31/08/1948,15.97,,,,,,,,,,,,
30/07/1948,15.85,,,,,,,,,,,,
30/06/1948,16.74,,,,,,,,,,,,
31/05/1948,16.69,,,,,,,,,,,,
30/04/1948,15.48,,,,,,,,,,,,
31/03/1948,15.08,,,,,,,,,,,,
27/02/1948,13.93,,,,,,,,,,,,
30/01/1948,14.68,,,,,,,,,,,,
31/12/1947,15.3,,,,,,,,,,,,
28/11/1947,14.98,,,,,,,,,,,,
31/10/1947,15.43,,,,,,,,,,,,
30/09/1947,15.11,,,,,,,,,,,,
29/08/1947,15.32,,,,,,,,,,,,
31/07/1947,15.76,,,,,,,,,,,,
30/06/1947,15.21,,,,,,,,,,,,
30/05/1947,14.45,,,,,,,,,,,,
30/04/1947,14.58,,,,,,,,,,,,
31/03/1947,15.17,,,,,,,,,,,,
28/02/1947,15.43,,,,,,,,,,,,
31/01/1947,15.66,,,,,,,,,,,,
31/12/1946,15.3,,,,,,,,,,,,
29/11/1946,14.68,,,,,,,,,,,,
31/10/1946,14.84,,,,,,,,,,,,
30/09/1946,14.96,,,,,,,,,,,,
30/08/1946,16.65,,,,,,,,,,,,
31/07/1946,17.96,,,,,,,,,,,,
28/06/1946,18.43,,,,,,,,,,,,
31/05/1946,19.18,,,,,,,,,,,,
30/04/1946,18.76,,,,,,,,,,,,
29/03/1946,18.04,,,,,,,,,,,,
28/02/1946,17.28,,,,,,,,,,,,
31/01/1946,18.57,,,,,,,,,,,,
31/12/1945,17.36,,,,,,,,,,,,
30/11/1945,17.19,,,,,,,,,,,,
31/10/1945,16.65,,,,,,,,,,,,
28/09/1945,16.05,,,,,,,,,,,,
31/08/1945,15.51,,,,,,,,,,,,
31/07/1945,14.66,,,,,,,,,,,,
29/06/1945,14.87,,,,,,,,,,,,
31/05/1945,15.01,,,,,,,,,,,,
30/04/1945,14.84,,,,,,,,,,,,
30/03/1945,13.61,,,,,,,,,,,,
28/02/1945,14.3,,,,,,,,,,,,
31/01/1945,13.47,,,,,,,,,,,,
29/12/1944,13.28,,,,,,,,,,,,
30/11/1944,12.83,,,,,,,,,,,,
31/10/1944,12.78,,,,,,,,,,,,
29/09/1944,12.74,,,,,,,,,,,,
31/08/1944,12.82,,,,,,,,,,,,
31/07/1944,12.71,,,,,,,,,,,,
30/06/1944,12.98,,,,,,,,,,,,
31/05/1944,12.35,,,,,,,,,,,,
28/04/1944,11.87,,,,,,,,,,,,
31/03/1944,12.02,,,,,,,,,,,,
29/02/1944,11.82,,,,,,,,,,,,
31/01/1944,11.85,,,,,,,,,,,,
31/12/1943,11.67,,,,,,,,,,,,
30/11/1943,11.02,,,,,,,,,,,,
29/10/1943,11.91,,,,,,,,,,,,
30/09/1943,12.08,,,,,,,,,,,,
31/08/1943,11.8,,,,,,,,,,,,
30/07/1943,11.85,,,,,,,,,,,,
30/06/1943,12.35,,,,,,,,,,,,
31/05/1943,12.05,,,,,,,,,,,,
30/04/1943,11.59,,,,,,,,,,,,
31/03/1943,11.58,,,,,,,,,,,,
26/02/1943,10.97,,,,,,,,,,,,
29/01/1943,10.44,,,,,,,,,,,,
31/12/1942,9.77,,,,,,,,,,,,
30/11/1942,9.29,,,,,,,,,,,,
30/10/1942,9.36,,,,,,,,,,,,
30/09/1942,8.85,,,,,,,,,,,,
31/08/1942,8.62,,,,,,,,,,,,
31/07/1942,8.56,,,,,,,,,,,,
30/06/1942,8.3,,,,,,,,,,,,
29/05/1942,8.15,,,,,,,,,,,,
30/04/1942,7.66,,,,,,,,,,,,
31/03/1942,8.01,,,,,,,,,,,,
27/02/1942,8.59,,,,,,,,,,,,
30/01/1942,8.85,,,,,,,,,,,,
31/12/1941,8.69,,,,,,,,,,,,
28/11/1941,9.12,,,,,,,,,,,,
31/10/1941,9.5,,,,,,,,,,,,
30/09/1941,10.2,,,,,,,,,,,,
29/08/1941,10.28,,,,,,,,,,,,
31/07/1941,10.39,,,,,,,,,,,,
30/06/1941,9.85,,,,,,,,,,,,
30/05/1941,9.38,,,,,,,,,,,,
30/04/1941,9.31,,,,,,,,,,,,
31/03/1941,9.96,,,,,,,,,,,,
28/02/1941,9.92,,,,,,,,,,,,
31/01/1941,10.07,,,,,,,,,,,,
31/12/1940,10.58,,,,,,,,,,,,
29/11/1940,10.57,,,,,,,,,,,,
31/10/1940,11.08,,,,,,,,,,,,
30/09/1940,10.66,,,,,,,,,,,,
30/08/1940,10.5,,,,,,,,,,,,
31/07/1940,10.29,,,,,,,,,,,,
28/06/1940,9.98,,,,,,,,,,,,
31/05/1940,9.27,,,,,,,,,,,,
30/04/1940,12.19,,,,,,,,,,,,
29/03/1940,12.18,,,,,,,,,,,,
29/02/1940,12.13,,,,,,,,,,,,
31/01/1940,12.05,,,,,,,,,,,,
29/12/1939,12.46,,,,,,,,,,,,
30/11/1939,12.2,,,,,,,,,,,,
31/10/1939,12.83,,,,,,,,,,,,
29/09/1939,12.79,,,,,,,,,,,,
31/08/1939,11.18,,,,,,,,,,,,
31/07/1939,12.04,,,,,,,,,,,,
30/06/1939,10.86,,,,,,,,,,,,
31/05/1939,11.6,,,,,,,,,,,,
28/04/1939,10.93,,,,,,,,,,,,
31/03/1939,10.98,,,,,,,,,,,,
28/02/1939,12.7,,,,,,,,,,,,
31/01/1939,12.3,,,,,,,,,,,,
30/12/1938,13.14,,,,,,,,,,,,
30/11/1938,12.73,,,,,,,,,,,,
31/10/1938,13.17,,,,,,,,,,,,
30/09/1938,12.24,,,,,,,,,,,,
31/08/1938,12.06,,,,,,,,,,,,
29/07/1938,12.33,,,,,,,,,,,,
30/06/1938,11.56,,,,,,,,,,,,
31/05/1938,9.27,,,,,,,,,,,,
29/04/1938,9.78,,,,,,,,,,,,
31/03/1938,8.5,,,,,,,,,,,,
28/02/1938,11.34,,,,,,,,,,,,
31/01/1938,10.69,,,,,,,,,,,,
31/12/1937,10.55,,,,,,,,,,,,
30/11/1937,11.11,,,,,,,,,,,,
29/10/1937,12.35,,,,,,,,,,,,
30/09/1937,13.76,,,,,,,,,,,,
31/08/1937,16.04,,,,,,,,,,,,
30/07/1937,16.77,,,,,,,,,,,,
30/06/1937,15.4,,,,,,,,,,,,
31/05/1937,16.26,,,,,,,,,,,,
30/04/1937,16.43,,,,,,,,,,,,
31/03/1937,17.92,,,,,,,,,,,,
26/02/1937,18.06,,,,,,,,,,,,
29/01/1937,17.77,,,,,,,,,,,,
31/12/1936,17.18,,,,,,,,,,,,
30/11/1936,17.28,,,,,,,,,,,,
30/10/1936,17.23,,,,,,,,,,,,
30/09/1936,16.01,,,,,,,,,,,,
31/08/1936,15.99,,,,,,,,,,,,
31/07/1936,15.85,,,,,,,,,,,,
30/06/1936,14.84,,,,,,,,,,,,
29/05/1936,14.4,,,,,,,,,,,,
30/04/1936,13.77,,,,,,,,,,,,
31/03/1936,14.92,,,,,,,,,,,,
28/02/1936,14.6,,,,,,,,,,,,
31/01/1936,14.31,,,,,,,,,,,,
31/12/1935,13.43,,,,,,,,,,,,
29/11/1935,12.94,,,,,,,,,,,,
31/10/1935,12.46,,,,,,,,,,,,
30/09/1935,11.59,,,,,,,,,,,,
30/08/1935,11.24,,,,,,,,,,,,
31/07/1935,11.08,,,,,,,,,,,,
28/06/1935,10.24,,,,,,,,,,,,
31/05/1935,9.58,,,,,,,,,,,,
30/04/1935,9.28,,,,,,,,,,,,
29/03/1935,8.45,,,,,,,,,,,,
28/02/1935,8.74,,,,,,,,,,,,
31/01/1935,9.1,,,,,,,,,,,,
31/12/1934,9.5,,,,,,,,,,,,
30/11/1934,9.54,,,,,,,,,,,,
31/10/1934,8.81,,,,,,,,,,,,
28/09/1934,9.08,,,,,,,,,,,,
31/08/1934,9.15,,,,,,,,,,,,
31/07/1934,8.68,,,,,,,,,,,,
29/06/1934,9.81,,,,,,,,,,,,
31/05/1934,9.61,,,,,,,,,,,,
30/04/1934,10.46,,,,,,,,,,,,
30/03/1934,10.62,,,,,,,,,,,,
28/02/1934,10.76,,,,,,,,,,,,
31/01/1934,11.17,,,,,,,,,,,,
29/12/1933,9.97,,,,,,,,,,,,
30/11/1933,9.88,,,,,,,,,,,,
31/10/1933,8.96,,,,,,,,,,,,
29/09/1933,9.72,,,,,,,,,,,,
31/08/1933,11.09,,,,,,,,,,,,
31/07/1933,9.95,,,,,,,,,,,,
30/06/1933,10.91,,,,,,,,,,,,
31/05/1933,9.64,,,,,,,,,,,,
28/04/1933,7.83,,,,,,,,,,,,
31/03/1933,5.85,,,,,,,,,,,,
28/02/1933,5.66,,,,,,,,,,,,
31/01/1933,6.94,,,,,,,,,,,,
30/12/1932,6.92,,,,,,,,,,,,
30/11/1932,6.55,,,,,,,,,,,,
31/10/1932,6.96,,,,,,,,,,,,
30/09/1932,8.08,,,,,,,,,,,,
31/08/1932,8.39,,,,,,,,,,,,
29/07/1932,6.03,,,,,,,,,,,,
30/06/1932,4.43,,,,,,,,,,,,
31/05/1932,4.47,,,,,,,,,,,,
29/04/1932,5.83,,,,,,,,,,,,
31/03/1932,7.31,,,,,,,,,,,,
29/02/1932,8.29,,,,,,,,,,,,
29/01/1932,7.94,,,,,,,,,,,,
31/12/1931,8.12,,,,,,,,,,,,
30/11/1931,9.5,,,,,,,,,,,,
30/10/1931,10.43,,,,,,,,,,,,
30/09/1931,9.71,,,,,,,,,,,,
31/08/1931,13.86,,,,,,,,,,,,
31/07/1931,13.73,,,,,,,,,,,,
30/06/1931,14.83,,,,,,,,,,,,
29/05/1931,13.02,,,,,,,,,,,,
30/04/1931,15.09,,,,,,,,,,,,
31/03/1931,16.69,,,,,,,,,,,,
27/02/1931,18.03,,,,,,,,,,,,
30/01/1931,16.19,,,,,,,,,,,,
